route_id,period,baseline_headway_min,optimized_headway_min,headway_change_min,baseline_trips,optimized_trips,baseline_veh_hours,optimized_veh_hours,veh_hours_change,demand_potential,runtime_min,direction
008,midday,15.0,24.0,9.0,48.0,30.0,78.68333333333334,49.177083333333336,-29.50625,798.8943219675575,98.35416666666667,less service
010,midday,15.0,24.0,9.0,48.0,30.0,66.63333333333334,41.645833333333336,-24.987500000000004,746.589892778323,83.29166666666667,less service
002,midday,14.4,20.0,5.6,50.0,36.0,75.5,54.36,-21.14,745.7786630938934,90.6,less service
008,pm_peak,15.0,30.0,15.0,24.0,12.0,39.53333333333333,19.766666666666666,-19.766666666666666,581.0140523400419,98.83333333333333,less service
008,am_peak,15.0,30.0,15.0,24.0,12.0,36.43333333333333,18.216666666666665,-18.216666666666665,532.5962146450385,91.08333333333333,less service
001,midday,15.0,20.0,5.0,48.0,36.0,71.45,53.5875,-17.862500000000004,912.8976416678966,89.3125,less service
010,pm_peak,15.0,30.0,15.0,24.0,12.0,34.45,17.225,-17.225,542.9744674751439,86.125,less service
002,pm_peak,15.652173913043478,30.0,14.347826086956522,23.0,12.0,35.93333333333333,18.747826086956522,-17.185507246376808,542.3844822501043,93.73913043478261,less service
010,am_peak,14.4,30.0,15.6,25.0,12.0,32.95,15.816,-17.134,497.72659518554866,79.08,less service
002,am_peak,15.0,30.0,15.0,24.0,12.0,32.733333333333334,16.366666666666667,-16.366666666666667,497.185775395929,81.83333333333333,less service
022,midday,22.5,40.0,17.5,32.0,18.0,35.71666666666667,20.090625,-15.62604166666667,234.22881188441826,66.96875,less service
101,midday,15.0,24.0,9.0,48.0,30.0,41.43333333333333,25.895833333333332,-15.537499999999998,362.3147099977427,51.791666666666664,less service
008,evening,16.0,24.0,8.0,30.0,20.0,46.333333333333336,30.888888888888893,-15.444444444444443,290.50702617002094,92.66666666666667,less service
022,pm_peak,15.652173913043478,40.0,24.347826086956523,23.0,9.0,23.6,9.234782608695651,-14.36521739130435,170.34822682503145,61.56521739130435,less service
034,midday,15.0,24.0,9.0,48.0,30.0,37.85,23.65625,-14.193750000000001,193.41400465140532,47.3125,less service
001,pm_peak,15.0,24.0,9.0,24.0,15.0,36.833333333333336,23.020833333333332,-13.812500000000004,663.925557576652,92.08333333333333,less service
006,midday,14.693877551020408,24.0,9.306122448979592,49.0,30.0,34.46666666666667,21.102040816326532,-13.364625850340136,229.57343310573756,42.204081632653065,less service
001,am_peak,15.0,24.0,9.0,24.0,15.0,33.233333333333334,20.770833333333332,-12.462500000000002,608.5984277785976,83.08333333333333,less service
007,midday,15.0,20.0,5.0,48.0,36.0,46.666666666666664,35.0,-11.666666666666664,629.4667127605195,58.333333333333336,less service
002,evening,15.0,20.0,5.0,32.0,24.0,43.85,32.8875,-10.962499999999999,271.19224112505213,82.21875,less service
101,pm_peak,15.0,30.0,15.0,24.0,12.0,21.233333333333334,10.616666666666667,-10.616666666666667,263.50160727108556,53.083333333333336,less service
034,pm_peak,15.0,30.0,15.0,24.0,12.0,20.833333333333332,10.416666666666666,-10.416666666666666,140.6647306555675,52.083333333333336,less service
007,pm_peak,15.0,24.0,9.0,24.0,15.0,26.25,16.40625,-9.84375,457.7939729167414,65.625,less service
001,evening,15.483870967741936,20.0,4.516129032258064,31.0,24.0,43.233333333333334,33.47096774193548,-9.762365591397852,331.962778788326,83.6774193548387,less service
022,am_peak,21.176470588235293,45.0,23.823529411764707,17.0,8.0,18.383333333333333,8.650980392156862,-9.73235294117647,156.15254125627882,64.88235294117646,less service
101,am_peak,15.0,30.0,15.0,24.0,12.0,19.433333333333334,9.716666666666667,-9.716666666666667,241.54313999849512,48.583333333333336,less service
101,evening,15.483870967741936,24.0,8.516129032258064,31.0,20.0,26.016666666666666,16.78494623655914,-9.231720430107526,131.75080363554278,50.354838709677416,less service
023,midday,15.0,20.0,5.0,48.0,36.0,36.45,27.3375,-9.112500000000004,333.8624075350091,45.5625,less service
010,evening,17.77777777777778,24.0,6.222222222222221,27.0,20.0,34.983333333333334,25.913580246913583,-9.069753086419752,271.48723373757196,77.74074074074075,less service
023,am_peak,15.0,30.0,15.0,24.0,12.0,17.733333333333334,8.866666666666667,-8.866666666666667,222.5749383566727,44.333333333333336,less service
034,evening,15.0,24.0,9.0,32.0,20.0,23.2,14.5,-8.7,70.33236532778375,43.5,less service
006,pm_peak,15.0,30.0,15.0,24.0,12.0,17.016666666666666,8.508333333333333,-8.508333333333333,166.9624968041728,42.541666666666664,less service
034,am_peak,15.0,30.0,15.0,24.0,12.0,16.933333333333334,8.466666666666667,-8.466666666666667,128.94266976760355,42.333333333333336,less service
022,evening,26.666666666666668,45.0,18.333333333333332,18.0,10.666666666666666,20.733333333333334,12.28641975308642,-8.446913580246914,85.17411341251572,69.11111111111111,less service
006,am_peak,14.4,30.0,15.6,25.0,12.0,16.066666666666666,7.712000000000001,-8.354666666666667,153.04895540382506,38.56,less service
023,evening,15.0,24.0,9.0,32.0,20.0,21.85,13.65625,-8.193750000000001,121.4045118309124,40.96875,less service
023,pm_peak,15.0,24.0,9.0,24.0,15.0,20.266666666666666,12.666666666666666,-7.6,242.8090236618248,50.666666666666664,less service
007,am_peak,15.0,20.0,5.0,24.0,18.0,22.85,17.1375,-5.712500000000002,419.6444751736796,57.125,less service
022,early,24.0,60.0,36.0,10.0,4.0,8.983333333333333,3.5933333333333333,-5.389999999999999,35.48921392188156,53.9,less service
008,early,26.666666666666668,40.0,13.333333333333332,9.0,6.0,13.25,8.833333333333334,-4.416666666666666,121.04459423750875,88.33333333333333,less service
034,owl,40.0,60.0,20.0,18.0,12.0,12.3,8.2,-4.100000000000001,23.444121775927922,41.0,less service
001,early,21.818181818181817,30.0,8.181818181818183,11.0,8.0,14.383333333333333,10.460606060606061,-3.922727272727272,138.31782449513582,78.45454545454545,less service
101,early,24.0,45.0,21.0,10.0,5.333333333333333,8.316666666666666,4.435555555555555,-3.881111111111111,54.89616818147616,49.9,less service
010,early,21.818181818181817,30.0,8.181818181818183,11.0,8.0,13.283333333333333,9.66060606060606,-3.622727272727273,113.11968072398834,72.45454545454545,less service
006,evening,20.0,24.0,4.0,24.0,20.0,15.816666666666666,13.180555555555554,-2.636111111111113,83.4812484020864,39.541666666666664,less service
002,early,24.0,30.0,6.0,10.0,8.0,12.4,9.92,-2.4800000000000004,112.9967671354384,74.4,less service
003,am_peak,25.714285714285715,30.0,4.285714285714285,14.0,12.0,16.983333333333334,14.557142857142859,-2.4261904761904756,413.47807202914703,72.78571428571429,less service
007,early,24.0,30.0,6.0,10.0,8.0,8.916666666666666,7.133333333333334,-1.7833333333333323,95.37374435765447,53.5,less service
023,owl,51.42857142857143,60.0,8.57142857142857,14.0,12.0,9.1,7.8,-1.2999999999999998,40.468170610304135,39.0,less service
034,early,30.0,40.0,10.0,8.0,6.0,4.866666666666666,3.65,-1.2166666666666663,29.305152219909903,36.5,less service
012,pm_peak,20.0,24.0,4.0,18.0,15.0,6.483333333333333,5.402777777777778,-1.0805555555555557,70.83931117399025,21.61111111111111,less service
007,evening,19.2,20.0,0.8000000000000007,25.0,24.0,22.516666666666666,21.616,-0.9006666666666661,228.8969864583707,54.04,less service
003,early,40.0,45.0,5.0,6.0,5.333333333333333,8.0,7.111111111111111,-0.8888888888888893,93.97228909753343,80.0,less service
012,am_peak,25.714285714285715,30.0,4.285714285714285,14.0,12.0,4.966666666666667,4.257142857142857,-0.7095238095238097,64.93603524282439,21.285714285714285,less service
031,early,40.0,45.0,5.0,6.0,5.333333333333333,5.55,4.933333333333334,-0.6166666666666663,59.49131262561752,55.5,less service
001,owl,65.45454545454545,65.454545455,4.545483989204513e-10,11.0,10.999999999923611,15.416666666666666,15.416666666559609,-1.070574739969743e-10,110.65425959610866,84.0909090909091,unchanged
002,owl,65.45454545454545,65.454545455,4.545483989204513e-10,11.0,10.999999999923611,14.566666666666666,14.56666666656551,-1.0115641657648666e-10,90.39741370835073,79.45454545454545,unchanged
004,early,48.0,48.0,0.0,5.0,5.0,5.8,5.8,0.0,70.30838047002155,69.6,unchanged
004,midday,30.0,30.0,0.0,24.0,24.0,30.916666666666668,30.916666666666668,0.0,464.03531110214215,77.29166666666667,unchanged
004,owl,120.0,120.0,0.0,6.0,6.0,7.933333333333334,7.933333333333334,0.0,56.24670437601723,79.33333333333333,unchanged
009,early,60.0,60.0,0.0,4.0,4.0,6.266666666666667,6.266666666666667,0.0,65.28434983833438,94.0,unchanged
003,evening,30.0,30.0,0.0,16.0,16.0,21.283333333333335,21.283333333333335,0.0,225.5334938340802,79.8125,unchanged
006,owl,90.0,90.0,0.0,8.0,8.0,5.066666666666666,5.066666666666666,0.0,27.827082800695468,38.0,unchanged
008,owl,80.0,80.0,0.0,9.0,9.0,13.65,13.65,0.0,96.83567539000698,91.0,unchanged
031,owl,90.0,90.0,0.0,8.0,8.0,7.966666666666667,7.966666666666667,0.0,47.59305010049401,59.75,unchanged
003,owl,120.0,120.0,0.0,6.0,6.0,8.083333333333334,8.083333333333334,0.0,75.17783127802674,80.83333333333333,unchanged
004,am_peak,30.0,30.0,0.0,12.0,12.0,14.583333333333334,14.583333333333334,0.0,309.3568740680947,72.91666666666667,unchanged
024,pm_peak,30.0,30.0,0.0,12.0,12.0,15.366666666666667,15.366666666666667,0.0,339.08420384021747,76.83333333333333,unchanged
031,evening,30.0,30.0,0.0,16.0,16.0,17.333333333333332,17.333333333333332,0.0,142.77915030148202,65.0,unchanged
031,am_peak,30.0,30.0,0.0,12.0,12.0,12.716666666666667,12.716666666666667,0.0,261.76177555271704,63.583333333333336,unchanged
032,owl,144.0,144.0,0.0,5.0,5.0,4.783333333333333,4.783333333333333,0.0,55.972648810315675,57.4,unchanged
031,pm_peak,30.0,30.0,0.0,12.0,12.0,15.116666666666667,15.116666666666667,0.0,285.55830060296404,75.58333333333333,unchanged
025,owl,120.0,120.0,0.0,6.0,6.0,5.583333333333333,5.583333333333333,0.0,75.918597703507,55.833333333333336,unchanged
024,owl,90.0,90.0,0.0,8.0,8.0,9.05,9.05,0.0,56.51403397336958,67.875,unchanged
024,evening,30.0,30.0,0.0,16.0,16.0,18.65,18.65,0.0,169.54210192010873,69.9375,unchanged
024,am_peak,30.0,30.0,0.0,12.0,12.0,14.1,14.1,0.0,310.8271868535327,70.5,unchanged
021,owl,240.0,240.0,0.0,3.0,3.0,3.1166666666666667,3.1166666666666667,0.0,46.0164274121113,62.333333333333336,unchanged
021,early,120.0,120.0,0.0,2.0,2.0,2.033333333333333,2.033333333333333,0.0,57.520534265139126,61.0,unchanged
012,midday,20.0,20.0,0.0,36.0,36.0,12.633333333333333,12.633333333333333,0.0,97.40405286423659,21.055555555555557,unchanged
009,owl,180.0,180.0,0.0,4.0,4.0,6.833333333333333,6.833333333333333,0.0,52.22747987066751,102.5,unchanged
004,pm_peak,30.0,30.0,0.0,12.0,12.0,15.583333333333334,15.583333333333334,0.0,337.4802262561034,77.91666666666667,unchanged
011,owl,180.0,180.0,0.0,4.0,4.0,5.7,5.7,0.0,58.71897379459816,85.5,unchanged
101,owl,60.0,60.0,0.0,12.0,12.0,9.7,9.7,0.0,43.91693454518093,48.5,unchanged
004,evening,30.0,30.0,0.0,16.0,16.0,19.866666666666667,19.866666666666667,0.0,168.7401131280517,74.5,unchanged
003,pm_peak,30.0,30.0,0.0,12.0,12.0,15.866666666666667,15.866666666666667,0.0,451.0669876681604,79.33333333333333,unchanged
010,owl,90.0,90.0,0.0,8.0,8.0,10.616666666666667,10.616666666666667,0.0,90.49574457919066,79.625,unchanged
005,am_peak,30.0,30.0,0.0,12.0,12.0,18.733333333333334,18.733333333333334,0.0,582.1839997759822,93.66666666666667,unchanged
005,owl,144.0,144.0,0.0,5.0,5.0,7.916666666666667,7.916666666666667,0.0,105.85163632290585,95.0,unchanged
141,pm_peak,120.0,120.0,0.0,3.0,3.0,2.1666666666666665,2.1666666666666665,0.0,22.704001159093764,43.333333333333336,unchanged
102,owl,120.0,120.0,0.0,6.0,6.0,6.816666666666666,6.816666666666666,0.0,103.93036086194827,68.16666666666667,unchanged
007,owl,102.85714285714286,102.857142857,-1.4286172245192574e-10,7.0,7.000000000009722,6.316666666666666,6.31666666667544,8.773426429797837e-12,76.29899548612357,54.142857142857146,unchanged
022,owl,102.85714285714286,102.857142857,-1.4286172245192574e-10,7.0,7.000000000009722,8.35,8.350000000011597,1.1597833804444235e-11,28.391371137505242,71.57142857142857,unchanged
052,am_peak,60.0,45.0,-15.0,3.0,4.0,1.75,2.3333333333333335,0.5833333333333335,37.0618225653741,35.0,more service
012,evening,34.285714285714285,30.0,-4.285714285714285,14.0,16.0,4.483333333333333,5.123809523809524,0.6404761904761909,35.41965558699513,19.214285714285715,more service
052,pm_peak,60.0,40.0,-20.0,3.0,4.5,1.7,2.55,0.8499999999999999,40.43107916222629,34.0,more service
035,early,60.0,45.0,-15.0,4.0,5.333333333333333,3.1,4.133333333333334,1.0333333333333337,44.84556045024051,46.5,more service
006,early,60.0,40.0,-20.0,4.0,6.0,2.466666666666667,3.7,1.2333333333333334,34.783853500869334,37.0,more service
051,am_peak,60.0,40.0,-20.0,6.0,9.0,2.683333333333333,4.025,1.3416666666666672,35.8263583188488,26.833333333333332,more service
141,am_peak,180.0,60.0,-120.0,1.0,3.0,0.7166666666666667,2.15,1.4333333333333331,20.812001062502617,43.0,more service
024,early,60.0,45.0,-15.0,4.0,5.333333333333333,4.316666666666666,5.7555555555555555,1.438888888888889,70.64254246671197,64.75,more service
045,am_peak,120.0,60.0,-60.0,3.0,6.0,1.6333333333333333,3.2666666666666666,1.6333333333333333,21.22332093606988,32.666666666666664,more service
046,am_peak,180.0,30.0,-150.0,1.0,6.0,0.35,2.1,1.75,23.61833122411898,21.0,more service
046,pm_peak,180.0,30.0,-150.0,1.0,6.0,0.35,2.1,1.75,25.76545224449343,21.0,more service
041,pm_peak,180.0,40.0,-140.0,1.0,4.5,0.5166666666666667,2.325,1.8083333333333336,46.54080498976648,31.0,more service
045,pm_peak,120.0,60.0,-60.0,3.0,6.0,1.8333333333333333,3.6666666666666665,1.8333333333333333,23.15271374843987,36.666666666666664,more service
044,am_peak,180.0,40.0,-140.0,1.0,4.5,0.5333333333333333,2.4,1.8666666666666667,15.30980340788934,32.0,more service
044,pm_peak,180.0,30.0,-150.0,1.0,6.0,0.4,2.4,2.0,16.701603717697463,24.0,more service
141,evening,240.0,60.0,-180.0,1.0,4.0,0.7,2.8,2.0999999999999996,11.352000579546882,42.0,more service
041,am_peak,180.0,30.0,-150.0,1.0,6.0,0.5,3.0,2.5,42.66240457395261,30.0,more service
071,am_peak,90.0,30.0,-60.0,2.0,6.0,1.2666666666666666,3.8,2.533333333333333,109.16135616706717,38.0,more service
033,early,60.0,30.0,-30.0,4.0,8.0,2.6166666666666667,5.233333333333333,2.6166666666666667,82.05606947704425,39.25,more service
051,pm_peak,90.0,40.0,-50.0,4.0,9.0,2.15,4.8375,2.6875000000000004,39.08329998419869,32.25,more service
023,early,60.0,30.0,-30.0,4.0,8.0,2.7333333333333334,5.466666666666667,2.7333333333333334,50.58521326288017,41.0,more service
032,early,80.0,40.0,-40.0,3.0,6.0,2.933333333333333,5.866666666666666,2.933333333333333,69.9658110128946,58.666666666666664,more service
011,early,80.0,45.0,-35.0,3.0,5.333333333333333,3.816666666666667,6.785185185185185,2.968518518518518,73.3987172432477,76.33333333333333,more service
071,pm_peak,90.0,30.0,-60.0,2.0,6.0,1.5,4.5,3.0,119.08511581861873,45.0,more service
072,am_peak,90.0,30.0,-60.0,2.0,6.0,1.5,4.5,3.0,126.0195937939111,45.0,more service
005,early,60.0,40.0,-20.0,4.0,6.0,6.016666666666667,9.025,3.0083333333333337,132.31454540363234,90.25,more service
072,pm_peak,90.0,30.0,-60.0,2.0,6.0,1.5333333333333334,4.6,3.0666666666666664,137.47592050244845,46.0,more service
009,am_peak,60.0,45.0,-15.0,6.0,8.0,9.75,13.0,3.25,287.2511392886713,97.5,more service
021,pm_peak,60.0,40.0,-20.0,6.0,9.0,6.583333333333333,9.875,3.291666666666667,276.09856447266776,65.83333333333333,more service
061,pm_peak,180.0,40.0,-140.0,2.0,9.0,0.95,4.275,3.325,57.83080414622749,28.5,more service
061,am_peak,180.0,40.0,-140.0,2.0,9.0,0.95,4.275,3.325,53.0115704673752,28.5,more service
042,am_peak,180.0,30.0,-150.0,1.0,6.0,0.7,4.2,3.5,144.94998925159396,42.0,more service
102,am_peak,30.0,24.0,-6.0,12.0,15.0,14.916666666666666,18.645833333333332,3.729166666666666,571.6169847407155,74.58333333333333,more service
102,pm_peak,30.0,24.0,-6.0,12.0,15.0,17.066666666666666,21.333333333333332,4.266666666666666,623.5821651716896,85.33333333333333,more service
033,am_peak,30.0,20.0,-10.0,12.0,18.0,8.683333333333334,13.025,4.341666666666667,361.04670569899463,43.416666666666664,more service
042,pm_peak,180.0,24.0,-156.0,1.0,7.5,0.6833333333333333,5.125,4.441666666666666,158.12726100173887,41.0,more service
075,am_peak,180.0,24.0,-156.0,1.0,7.5,0.7,5.25,4.55,213.5496672023404,42.0,more service
025,early,80.0,30.0,-50.0,3.0,8.0,2.783333333333333,7.422222222222222,4.638888888888888,94.89824712938375,55.666666666666664,more service
035,am_peak,60.0,30.0,-30.0,6.0,12.0,4.666666666666667,9.333333333333334,4.666666666666667,197.32046598105825,46.666666666666664,more service
005,evening,28.235294117647058,24.0,-4.235294117647058,17.0,20.0,26.666666666666668,31.372549019607845,4.7058823529411775,317.55490896871754,94.11764705882354,more service
033,pm_peak,30.0,20.0,-10.0,12.0,18.0,9.466666666666667,14.2,4.7333333333333325,393.86913348981227,47.333333333333336,more service
005,pm_peak,30.0,24.0,-6.0,12.0,15.0,19.483333333333334,24.354166666666668,4.870833333333334,635.1098179374351,97.41666666666667,more service
009,pm_peak,60.0,40.0,-20.0,6.0,9.0,9.916666666666666,14.875,4.958333333333334,313.364879224005,99.16666666666667,more service
141,midday,144.0,60.0,-84.0,5.0,12.0,3.566666666666667,8.559999999999999,4.993333333333332,31.218001593753925,42.8,more service
073,am_peak,90.0,30.0,-60.0,4.0,12.0,2.5833333333333335,7.75,5.166666666666666,192.26614040917462,38.75,more service
021,am_peak,51.42857142857143,30.0,-21.42857142857143,7.0,12.0,7.266666666666667,12.457142857142857,5.190476190476191,253.09035076661218,62.285714285714285,more service
075,pm_peak,180.0,20.0,-160.0,1.0,9.0,0.65,5.85,5.199999999999999,232.96327331164406,39.0,more service
033,owl,72.0,40.0,-32.0,10.0,18.0,6.65,11.969999999999999,5.3199999999999985,65.6448555816354,39.9,more service
102,early,48.0,24.0,-24.0,5.0,10.0,5.483333333333333,10.966666666666667,5.483333333333333,129.91295107743534,65.8,more service
035,evening,53.333333333333336,30.0,-23.333333333333336,9.0,16.0,7.1,12.622222222222224,5.522222222222224,107.62934508057722,47.333333333333336,more service
074,am_peak,180.0,24.0,-156.0,1.0,7.5,0.85,6.375,5.525,219.87413084145064,51.0,more service
033,evening,30.0,20.0,-10.0,16.0,24.0,11.116666666666667,16.675,5.558333333333334,196.93456674490614,41.6875,more service
035,pm_peak,72.0,30.0,-42.0,5.0,12.0,4.15,9.959999999999999,5.809999999999999,215.25869016115445,49.8,more service
074,pm_peak,180.0,24.0,-156.0,1.0,7.5,0.9,6.75,5.85,239.8626881906734,54.0,more service
032,am_peak,60.0,30.0,-30.0,6.0,12.0,6.266666666666667,12.533333333333333,6.266666666666667,307.8495684567363,62.666666666666664,more service
032,pm_peak,60.0,30.0,-30.0,6.0,12.0,6.383333333333334,12.766666666666667,6.383333333333334,335.8358928618941,63.833333333333336,more service
003,midday,28.8,24.0,-4.800000000000001,25.0,30.0,32.416666666666664,38.9,6.483333333333334,620.2171080437206,77.8,more service
031,midday,30.0,24.0,-6.0,24.0,30.0,26.4,33.0,6.600000000000001,392.6426633290756,66.0,more service
073,pm_peak,90.0,24.0,-66.0,4.0,15.0,2.45,9.1875,6.7375,209.74488044637232,36.75,more service
024,midday,30.0,24.0,-6.0,24.0,30.0,29.016666666666666,36.270833333333336,7.25416666666667,466.2407802802991,72.54166666666667,more service
011,am_peak,60.0,30.0,-30.0,6.0,12.0,7.6,15.2,7.6,322.9543558702899,76.0,more service
011,pm_peak,60.0,30.0,-30.0,6.0,12.0,7.65,15.3,7.65,352.31384276758894,76.5,more service
009,evening,80.0,45.0,-35.0,6.0,10.666666666666666,10.0,17.777777777777775,7.777777777777775,156.6824396120025,100.0,more service
025,pm_peak,60.0,30.0,-30.0,6.0,12.0,7.833333333333333,15.666666666666666,7.833333333333333,455.51158622104197,78.33333333333333,more service
043,am_peak,180.0,24.0,-156.0,2.0,15.0,1.25,9.375,8.125,234.07117646667862,37.5,more service
021,evening,60.0,30.0,-30.0,8.0,16.0,8.3,16.6,8.3,138.04928223633388,62.25,more service
033,midday,30.0,20.0,-10.0,24.0,36.0,17.216666666666665,25.825,8.608333333333334,541.5700585484919,43.041666666666664,more service
025,am_peak,51.42857142857143,24.0,-27.42857142857143,7.0,15.0,7.816666666666666,16.75,8.933333333333334,417.5522873692885,67.0,more service
005,midday,30.0,24.0,-6.0,24.0,30.0,38.8,48.5,9.700000000000003,873.2759996639734,97.0,more service
043,pm_peak,180.0,24.0,-156.0,2.0,15.0,1.5,11.25,9.75,255.35037432728575,45.0,more service
102,evening,32.0,20.0,-12.0,15.0,24.0,17.65,28.24,10.59,311.7910825858448,70.6,more service
011,evening,68.57142857142857,30.0,-38.57142857142857,7.0,16.0,9.1,20.8,11.700000000000001,176.15692138379447,78.0,more service
025,evening,60.0,24.0,-36.0,8.0,20.0,7.983333333333333,19.958333333333332,11.974999999999998,227.75579311052098,59.875,more service
032,evening,60.0,24.0,-36.0,8.0,20.0,8.166666666666666,20.416666666666668,12.250000000000002,167.91794643094704,61.25,more service
021,midday,60.0,30.0,-30.0,12.0,24.0,12.716666666666667,25.433333333333334,12.716666666666667,379.63552614991823,63.583333333333336,more service
035,midday,60.0,24.0,-36.0,12.0,30.0,9.466666666666667,23.666666666666668,14.200000000000001,295.9806989715874,47.333333333333336,more service
102,midday,30.0,20.0,-10.0,24.0,36.0,30.416666666666668,45.625,15.208333333333332,857.4254771110732,76.04166666666667,more service
032,midday,60.0,24.0,-36.0,12.0,30.0,12.833333333333334,32.083333333333336,19.25,461.7743526851044,64.16666666666667,more service
009,midday,60.0,30.0,-30.0,12.0,24.0,19.866666666666667,39.733333333333334,19.866666666666667,430.87670893300697,99.33333333333333,more service
011,midday,60.0,24.0,-36.0,12.0,30.0,15.3,38.25,22.95,484.43153380543487,76.5,more service
025,midday,55.38461538461539,20.0,-35.38461538461539,13.0,36.0,14.049999999999999,38.9076923076923,24.857692307692304,626.3284310539328,64.84615384615384,more service
