route_id,period,baseline_headway_min,optimized_headway_min,headway_change_min,baseline_veh_hours,optimized_veh_hours,veh_hours_change,runtime_min,direction
022,midday,22.5,60.0,37.5,35.71666666666667,13.39375,-22.322916666666668,66.96875,less service
010,am_peak,14.4,30.0,15.6,32.95,15.816,-17.134,79.08,less service
010,midday,15.0,20.0,5.0,66.63333333333334,49.975,-16.65833333333334,83.29166666666667,less service
008,pm_peak,15.0,24.0,9.0,39.53333333333333,24.708333333333332,-14.825,98.83333333333333,less service
022,pm_peak,15.652173913043478,40.0,24.347826086956523,23.6,9.234782608695651,-14.36521739130435,61.56521739130435,less service
034,midday,15.0,24.0,9.0,37.85,23.65625,-14.193750000000001,47.3125,less service
006,midday,14.693877551020408,24.0,9.306122448979592,34.46666666666667,21.102040816326532,-13.364625850340136,42.204081632653065,less service
010,pm_peak,15.0,24.0,9.0,34.45,21.53125,-12.918750000000003,86.125,less service
101,evening,15.483870967741936,30.0,14.516129032258064,26.016666666666666,13.427956989247312,-12.588709677419354,50.354838709677416,less service
007,midday,15.0,20.0,5.0,46.666666666666664,35.0,-11.666666666666664,58.333333333333336,less service
034,evening,15.0,30.0,15.0,23.2,11.6,-11.6,43.5,less service
101,midday,15.0,20.0,5.0,41.43333333333333,31.075,-10.35833333333333,51.791666666666664,less service
007,pm_peak,15.0,24.0,9.0,26.25,16.40625,-9.84375,65.625,less service
022,am_peak,21.176470588235293,45.0,23.823529411764707,18.383333333333333,8.650980392156862,-9.73235294117647,64.88235294117646,less service
023,midday,15.0,20.0,5.0,36.45,27.3375,-9.112500000000004,45.5625,less service
008,am_peak,15.0,20.0,5.0,36.43333333333333,27.325,-9.10833333333333,91.08333333333333,less service
034,am_peak,15.0,30.0,15.0,16.933333333333334,8.466666666666667,-8.466666666666667,42.333333333333336,less service
022,evening,26.666666666666668,45.0,18.333333333333332,20.733333333333334,12.28641975308642,-8.446913580246914,69.11111111111111,less service
012,midday,20.0,60.0,40.0,12.633333333333333,4.211111111111111,-8.42222222222222,21.055555555555557,less service
006,am_peak,14.4,30.0,15.6,16.066666666666666,7.712000000000001,-8.354666666666667,38.56,less service
101,pm_peak,15.0,24.0,9.0,21.233333333333334,13.270833333333334,-7.9625,53.083333333333336,less service
034,pm_peak,15.0,24.0,9.0,20.833333333333332,13.020833333333334,-7.812499999999998,52.083333333333336,less service
101,am_peak,15.0,24.0,9.0,19.433333333333334,12.145833333333334,-7.2875,48.583333333333336,less service
006,pm_peak,15.0,24.0,9.0,17.016666666666666,10.635416666666666,-6.38125,42.541666666666664,less service
007,am_peak,15.0,20.0,5.0,22.85,17.1375,-5.712500000000002,57.125,less service
006,evening,20.0,30.0,10.0,15.816666666666666,10.544444444444444,-5.272222222222222,39.541666666666664,less service
024,evening,30.0,40.0,10.0,18.65,13.9875,-4.662499999999998,69.9375,less service
022,early,24.0,45.0,21.0,8.983333333333333,4.79111111111111,-4.192222222222222,53.9,less service
034,owl,40.0,60.0,20.0,12.3,8.2,-4.100000000000001,41.0,less service
101,early,24.0,45.0,21.0,8.316666666666666,4.435555555555555,-3.881111111111111,49.9,less service
033,evening,30.0,40.0,10.0,11.116666666666667,8.3375,-2.779166666666667,41.6875,less service
012,pm_peak,20.0,30.0,10.0,6.483333333333333,4.322222222222222,-2.1611111111111114,21.61111111111111,less service
012,evening,34.285714285714285,60.0,25.714285714285715,4.483333333333333,2.561904761904762,-1.9214285714285713,19.214285714285715,less service
007,early,24.0,30.0,6.0,8.916666666666666,7.133333333333334,-1.7833333333333323,53.5,less service
008,early,26.666666666666668,30.0,3.333333333333332,13.25,11.777777777777777,-1.4722222222222232,88.33333333333333,less service
023,owl,51.42857142857143,60.0,8.57142857142857,9.1,7.8,-1.2999999999999998,39.0,less service
034,early,30.0,40.0,10.0,4.866666666666666,3.65,-1.2166666666666663,36.5,less service
010,early,21.818181818181817,24.0,2.1818181818181834,13.283333333333333,12.075757575757574,-1.2075757575757589,72.45454545454545,less service
007,evening,19.2,20.0,0.8000000000000007,22.516666666666666,21.616,-0.9006666666666661,54.04,less service
001,evening,15.483870967741936,15.483870968,2.580637925575502e-10,43.233333333333334,43.23333333261277,-7.205613883343176e-10,83.6774193548387,unchanged
010,evening,17.77777777777778,17.777777778,2.2222224060897133e-10,34.983333333333334,34.98333333289604,-4.3729642129619606e-10,77.74074074074075,unchanged
005,evening,28.235294117647058,28.235294118,3.5294078770675696e-10,26.666666666666668,26.666666666333338,-3.333298081997782e-10,94.11764705882354,unchanged
001,owl,65.45454545454545,65.454545455,4.545483989204513e-10,15.416666666666666,15.416666666559609,-1.070574739969743e-10,84.0909090909091,unchanged
002,owl,65.45454545454545,65.454545455,4.545483989204513e-10,14.566666666666666,14.56666666656551,-1.0115641657648666e-10,79.45454545454545,unchanged
004,evening,30.0,30.0,0.0,19.866666666666667,19.866666666666667,0.0,74.5,unchanged
004,early,48.0,48.0,0.0,5.8,5.8,0.0,69.6,unchanged
004,midday,30.0,30.0,0.0,30.916666666666668,30.916666666666668,0.0,77.29166666666667,unchanged
009,midday,60.0,60.0,0.0,19.866666666666667,19.866666666666667,0.0,99.33333333333333,unchanged
011,early,80.0,80.0,0.0,3.816666666666667,3.816666666666667,0.0,76.33333333333333,unchanged
008,owl,80.0,80.0,0.0,13.65,13.65,0.0,91.0,unchanged
008,evening,16.0,16.0,0.0,46.333333333333336,46.333333333333336,0.0,92.66666666666667,unchanged
008,midday,15.0,15.0,0.0,78.68333333333334,78.68333333333334,0.0,98.35416666666667,unchanged
006,owl,90.0,90.0,0.0,5.066666666666666,5.066666666666666,0.0,38.0,unchanged
001,pm_peak,15.0,15.0,0.0,36.833333333333336,36.833333333333336,0.0,92.08333333333333,unchanged
002,am_peak,15.0,15.0,0.0,32.733333333333334,32.733333333333334,0.0,81.83333333333333,unchanged
001,midday,15.0,15.0,0.0,71.45,71.45,0.0,89.3125,unchanged
003,midday,28.8,28.8,0.0,32.416666666666664,32.416666666666664,0.0,77.8,unchanged
002,evening,15.0,15.0,0.0,43.85,43.85,0.0,82.21875,unchanged
002,midday,14.4,14.4,0.0,75.5,75.5,0.0,90.6,unchanged
004,owl,120.0,120.0,0.0,7.933333333333334,7.933333333333334,0.0,79.33333333333333,unchanged
004,am_peak,30.0,30.0,0.0,14.583333333333334,14.583333333333334,0.0,72.91666666666667,unchanged
005,owl,144.0,144.0,0.0,7.916666666666667,7.916666666666667,0.0,95.0,unchanged
009,am_peak,60.0,60.0,0.0,9.75,9.75,0.0,97.5,unchanged
009,early,60.0,60.0,0.0,6.266666666666667,6.266666666666667,0.0,94.0,unchanged
035,early,60.0,60.0,0.0,3.1,3.1,0.0,46.5,unchanged
033,midday,30.0,30.0,0.0,17.216666666666665,17.216666666666665,0.0,43.041666666666664,unchanged
032,early,80.0,80.0,0.0,2.933333333333333,2.933333333333333,0.0,58.666666666666664,unchanged
031,owl,90.0,90.0,0.0,7.966666666666667,7.966666666666667,0.0,59.75,unchanged
032,owl,144.0,144.0,0.0,4.783333333333333,4.783333333333333,0.0,57.4,unchanged
033,early,60.0,60.0,0.0,2.6166666666666667,2.6166666666666667,0.0,39.25,unchanged
033,pm_peak,30.0,30.0,0.0,9.466666666666667,9.466666666666667,0.0,47.333333333333336,unchanged
025,owl,120.0,120.0,0.0,5.583333333333333,5.583333333333333,0.0,55.833333333333336,unchanged
033,am_peak,30.0,30.0,0.0,8.683333333333334,8.683333333333334,0.0,43.416666666666664,unchanged
031,evening,30.0,30.0,0.0,17.333333333333332,17.333333333333332,0.0,65.0,unchanged
033,owl,72.0,72.0,0.0,6.65,6.65,0.0,39.9,unchanged
023,evening,15.0,15.0,0.0,21.85,21.85,0.0,40.96875,unchanged
021,owl,240.0,240.0,0.0,3.1166666666666667,3.1166666666666667,0.0,62.333333333333336,unchanged
010,owl,90.0,90.0,0.0,10.616666666666667,10.616666666666667,0.0,79.625,unchanged
009,owl,180.0,180.0,0.0,6.833333333333333,6.833333333333333,0.0,102.5,unchanged
009,evening,80.0,80.0,0.0,10.0,10.0,0.0,100.0,unchanged
006,early,60.0,60.0,0.0,2.466666666666667,2.466666666666667,0.0,37.0,unchanged
005,early,60.0,60.0,0.0,6.016666666666667,6.016666666666667,0.0,90.25,unchanged
024,owl,90.0,90.0,0.0,9.05,9.05,0.0,67.875,unchanged
024,midday,30.0,30.0,0.0,29.016666666666666,29.016666666666666,0.0,72.54166666666667,unchanged
025,early,80.0,80.0,0.0,2.783333333333333,2.783333333333333,0.0,55.666666666666664,unchanged
023,early,60.0,60.0,0.0,2.7333333333333334,2.7333333333333334,0.0,41.0,unchanged
023,pm_peak,15.0,15.0,0.0,20.266666666666666,20.266666666666666,0.0,50.666666666666664,unchanged
023,am_peak,15.0,15.0,0.0,17.733333333333334,17.733333333333334,0.0,44.333333333333336,unchanged
024,pm_peak,30.0,30.0,0.0,15.366666666666667,15.366666666666667,0.0,76.83333333333333,unchanged
024,am_peak,30.0,30.0,0.0,14.1,14.1,0.0,70.5,unchanged
024,early,60.0,60.0,0.0,4.316666666666666,4.316666666666666,0.0,64.75,unchanged
011,owl,180.0,180.0,0.0,5.7,5.7,0.0,85.5,unchanged
021,early,120.0,120.0,0.0,2.033333333333333,2.033333333333333,0.0,61.0,unchanged
021,evening,60.0,60.0,0.0,8.3,8.3,0.0,62.25,unchanged
141,pm_peak,120.0,120.0,0.0,2.1666666666666665,2.1666666666666665,0.0,43.333333333333336,unchanged
141,midday,144.0,144.0,0.0,3.566666666666667,3.566666666666667,0.0,42.8,unchanged
044,pm_peak,180.0,180.0,0.0,0.4,0.4,0.0,24.0,unchanged
044,am_peak,180.0,180.0,0.0,0.5333333333333333,0.5333333333333333,0.0,32.0,unchanged
101,owl,60.0,60.0,0.0,9.7,9.7,0.0,48.5,unchanged
102,early,48.0,48.0,0.0,5.483333333333333,5.483333333333333,0.0,65.8,unchanged
102,owl,120.0,120.0,0.0,6.816666666666666,6.816666666666666,0.0,68.16666666666667,unchanged
072,pm_peak,90.0,90.0,0.0,1.5333333333333334,1.5333333333333334,0.0,46.0,unchanged
073,pm_peak,90.0,90.0,0.0,2.45,2.45,0.0,36.75,unchanged
075,pm_peak,180.0,180.0,0.0,0.65,0.65,0.0,39.0,unchanged
071,pm_peak,90.0,90.0,0.0,1.5,1.5,0.0,45.0,unchanged
061,pm_peak,180.0,180.0,0.0,0.95,0.95,0.0,28.5,unchanged
061,am_peak,180.0,180.0,0.0,0.95,0.95,0.0,28.5,unchanged
073,am_peak,90.0,90.0,0.0,2.5833333333333335,2.5833333333333335,0.0,38.75,unchanged
052,pm_peak,60.0,60.0,0.0,1.7,1.7,0.0,34.0,unchanged
051,am_peak,60.0,60.0,0.0,2.683333333333333,2.683333333333333,0.0,26.833333333333332,unchanged
074,pm_peak,180.0,180.0,0.0,0.9,0.9,0.0,54.0,unchanged
074,am_peak,180.0,180.0,0.0,0.85,0.85,0.0,51.0,unchanged
042,pm_peak,180.0,180.0,0.0,0.6833333333333333,0.6833333333333333,0.0,41.0,unchanged
042,am_peak,180.0,180.0,0.0,0.7,0.7,0.0,42.0,unchanged
043,am_peak,180.0,180.0,0.0,1.25,1.25,0.0,37.5,unchanged
052,am_peak,60.0,60.0,0.0,1.75,1.75,0.0,35.0,unchanged
046,pm_peak,180.0,180.0,0.0,0.35,0.35,0.0,21.0,unchanged
045,pm_peak,120.0,120.0,0.0,1.8333333333333333,1.8333333333333333,0.0,36.666666666666664,unchanged
045,am_peak,120.0,120.0,0.0,1.6333333333333333,1.6333333333333333,0.0,32.666666666666664,unchanged
051,pm_peak,90.0,90.0,0.0,2.15,2.15,0.0,32.25,unchanged
041,am_peak,180.0,180.0,0.0,0.5,0.5,0.0,30.0,unchanged
043,pm_peak,180.0,180.0,0.0,1.5,1.5,0.0,45.0,unchanged
041,pm_peak,180.0,180.0,0.0,0.5166666666666667,0.5166666666666667,0.0,31.0,unchanged
003,early,40.0,40.0,0.0,8.0,8.0,0.0,80.0,unchanged
003,evening,30.0,30.0,0.0,21.283333333333335,21.283333333333335,0.0,79.8125,unchanged
003,owl,120.0,120.0,0.0,8.083333333333334,8.083333333333334,0.0,80.83333333333333,unchanged
002,early,24.0,24.0,0.0,12.4,12.4,0.0,74.4,unchanged
001,am_peak,15.0,15.0,0.0,33.233333333333334,33.233333333333334,0.0,83.08333333333333,unchanged
102,evening,32.0,32.0,0.0,17.65,17.65,0.0,70.6,unchanged
141,am_peak,180.0,180.0,0.0,0.7166666666666667,0.7166666666666667,0.0,43.0,unchanged
141,evening,240.0,240.0,0.0,0.7,0.7,0.0,42.0,unchanged
007,owl,102.85714285714286,102.857142857,-1.4286172245192574e-10,6.316666666666666,6.31666666667544,8.773426429797837e-12,54.142857142857146,unchanged
022,owl,102.85714285714286,102.857142857,-1.4286172245192574e-10,8.35,8.350000000011597,1.1597833804444235e-11,71.57142857142857,unchanged
035,evening,53.333333333333336,53.333333333,-3.333369136271358e-10,7.1,7.100000000044376,4.437605838347736e-11,47.333333333333336,unchanged
012,am_peak,25.714285714285715,25.714285714,-2.857163394764939e-10,4.966666666666667,4.966666666721851,5.518430157280818e-11,21.285714285714285,unchanged
011,evening,68.57142857142857,68.571428571,-4.2857095650106203e-10,9.1,9.100000000056875,5.687539328391722e-11,78.0,unchanged
002,pm_peak,15.652173913043478,15.652173913,-4.347811000116053e-11,35.93333333333333,35.93333333343315,9.981704351957887e-11,93.73913043478261,unchanged
001,early,21.818181818181817,21.818181818,-1.8181722793997324e-10,14.383333333333333,14.383333333453196,1.198632304522107e-10,78.45454545454545,unchanged
046,am_peak,180.0,60.0,-120.0,0.35,1.05,0.7000000000000001,21.0,more service
003,am_peak,25.714285714285715,24.0,-1.7142857142857153,16.983333333333334,18.196428571428573,1.2130952380952387,72.78571428571429,more service
071,am_peak,90.0,40.0,-50.0,1.2666666666666666,2.85,1.5833333333333335,38.0,more service
072,am_peak,90.0,40.0,-50.0,1.5,3.375,1.875,45.0,more service
021,am_peak,51.42857142857143,40.0,-11.42857142857143,7.266666666666667,9.342857142857143,2.076190476190477,62.285714285714285,more service
021,pm_peak,60.0,40.0,-20.0,6.583333333333333,9.875,3.291666666666667,65.83333333333333,more service
102,am_peak,30.0,24.0,-6.0,14.916666666666666,18.645833333333332,3.729166666666666,74.58333333333333,more service
011,am_peak,60.0,40.0,-20.0,7.6,11.4,3.8000000000000007,76.0,more service
004,pm_peak,30.0,24.0,-6.0,15.583333333333334,19.479166666666668,3.895833333333334,77.91666666666667,more service
003,pm_peak,30.0,24.0,-6.0,15.866666666666667,19.833333333333332,3.966666666666665,79.33333333333333,more service
035,am_peak,60.0,30.0,-30.0,4.666666666666667,9.333333333333334,4.666666666666667,46.666666666666664,more service
009,pm_peak,60.0,40.0,-20.0,9.916666666666666,14.875,4.958333333333334,99.16666666666667,more service
011,midday,60.0,45.0,-15.0,15.3,20.4,5.099999999999998,76.5,more service
025,am_peak,51.42857142857143,30.0,-21.42857142857143,7.816666666666666,13.4,5.583333333333334,67.0,more service
075,am_peak,180.0,20.0,-160.0,0.7,6.3,5.6,42.0,more service
035,pm_peak,72.0,30.0,-42.0,4.15,9.959999999999999,5.809999999999999,49.8,more service
031,am_peak,30.0,20.0,-10.0,12.716666666666667,19.075,6.3583333333333325,63.583333333333336,more service
031,pm_peak,30.0,20.0,-10.0,15.116666666666667,22.675,7.558333333333334,75.58333333333333,more service
102,midday,30.0,24.0,-6.0,30.416666666666668,38.020833333333336,7.604166666666668,76.04166666666667,more service
011,pm_peak,60.0,30.0,-30.0,7.65,15.3,7.65,76.5,more service
025,pm_peak,60.0,30.0,-30.0,7.833333333333333,15.666666666666666,7.833333333333333,78.33333333333333,more service
102,pm_peak,30.0,20.0,-10.0,17.066666666666666,25.6,8.533333333333335,85.33333333333333,more service
031,early,40.0,15.0,-25.0,5.55,14.8,9.25,55.5,more service
005,am_peak,30.0,20.0,-10.0,18.733333333333334,28.1,9.366666666666667,93.66666666666667,more service
032,am_peak,60.0,24.0,-36.0,6.266666666666667,15.666666666666666,9.399999999999999,62.666666666666664,more service
035,midday,60.0,30.0,-30.0,9.466666666666667,18.933333333333334,9.466666666666667,47.333333333333336,more service
005,pm_peak,30.0,20.0,-10.0,19.483333333333334,29.225,9.741666666666667,97.41666666666667,more service
021,midday,60.0,30.0,-30.0,12.716666666666667,25.433333333333334,12.716666666666667,63.583333333333336,more service
032,pm_peak,60.0,20.0,-40.0,6.383333333333334,19.15,12.766666666666666,63.833333333333336,more service
031,midday,30.0,20.0,-10.0,26.4,39.6,13.200000000000003,66.0,more service
025,evening,60.0,20.0,-40.0,7.983333333333333,23.95,15.966666666666665,59.875,more service
025,midday,55.38461538461539,24.0,-31.384615384615387,14.049999999999999,32.42307692307692,18.373076923076923,64.84615384615384,more service
032,midday,60.0,24.0,-36.0,12.833333333333334,32.083333333333336,19.25,64.16666666666667,more service
005,midday,30.0,20.0,-10.0,38.8,58.2,19.400000000000006,97.0,more service
032,evening,60.0,15.0,-45.0,8.166666666666666,32.666666666666664,24.5,61.25,more service
