key,kind,route_id,with_route,description,ev_end,ev_n_stops,ev_runtime_share,ev_exclusive_demand_share,ev_seconds_per_trip,ev_circuity,ev_seconds_removed,ev_donor_route,ev_donor_daily_trips,ev_zone_flow_reached,ev_junction_demand_weight,ev_shared_terminal_stops,ev_current_weight,ev_alternative_weight,ev_direct_m,ev_n_replaced,ev_n_new
truncate|035|d3:STE418N,truncate,035,,"truncate route 035 at its end terminal, dropping 3 stops: 31.6% of running time for 0.0% of the demand it uniquely reaches",end,3.0,0.3162878787878788,0.0,835.0,,,,,,,,,,,,
truncate|102|d15:HIGHUDS,truncate,102,,"truncate route 102 at its end terminal, dropping 15 stops: 34.7% of running time for 7.2% of the demand it uniquely reaches",end,15.0,0.34662447257383966,0.07160191925294997,1643.0,,,,,,,,,,,,
truncate|031|d15:MOC2315E,truncate,031,,"truncate route 031 at its end terminal, dropping 15 stops: 27.5% of running time for 1.5% of the demand it uniquely reaches",end,15.0,0.275,0.015184503098022141,1056.0,,,,,,,,,,,,
truncate|101|d11:EMO4THW,truncate,101,,"truncate route 101 at its start terminal, dropping 11 stops: 31.0% of running time for 11.7% of the demand it uniquely reaches",start,11.0,0.3103448275862069,0.11654204959635935,1080.0,,,,,,,,,,,,
truncate|033|d15:HIGSCHN,truncate,033,,"truncate route 033 at its end terminal, dropping 15 stops: 27.5% of running time for 9.6% of the demand it uniquely reaches",end,15.0,0.27472527472527475,0.09643073325304541,750.0,,,,,,,,,,,,
truncate|025|d15:SCAALSE,truncate,025,,"truncate route 025 at its end terminal, dropping 15 stops: 29.0% of running time for 11.7% of the demand it uniquely reaches",end,15.0,0.28976377952755905,0.1166030442165328,1104.0,,,,,,,,,,,,
truncate|007|d5:FROBROS,truncate,007,,"truncate route 007 at its end terminal, dropping 5 stops: 19.4% of running time for 2.1% of the demand it uniquely reaches",end,5.0,0.1935483870967742,0.020506188231374272,720.0,,,,,,,,,,,,
truncate|007|d3:INTSAWW,truncate,007,,"truncate route 007 at its start terminal, dropping 3 stops: 15.9% of running time for 0.0% of the demand it uniquely reaches",start,3.0,0.1586021505376344,0.0,590.0,,,,,,,,,,,,
truncate|009|d14:AGLBRIE,truncate,009,,"truncate route 009 at its end terminal, dropping 14 stops: 14.8% of running time for 0.0% of the demand it uniquely reaches",end,14.0,0.14756944444444445,0.0,850.0,,,,,,,,,,,,
truncate|023|d8:EASMORE,truncate,023,,"truncate route 023 at its end terminal, dropping 8 stops: 14.0% of running time for 0.0% of the demand it uniquely reaches",end,8.0,0.14042553191489363,0.0,396.0,,,,,,,,,,,,
truncate|012|d3:MCKTRAW,truncate,012,,"truncate route 012 at its start terminal, dropping 3 stops: 18.0% of running time for 4.0% of the demand it uniquely reaches",start,3.0,0.1798611111111111,0.03961079290594162,259.0,,,,,,,,,,,,
truncate|032|d7:EASTER6,truncate,032,,"truncate route 032 at its start terminal, dropping 7 stops: 12.9% of running time for 0.0% of the demand it uniquely reaches",start,7.0,0.12903225806451613,0.0,480.0,,,,,,,,,,,,
straighten|033|d8:HIG522N,straighten,033,,"straighten route 033 between HIGFITN and WESHIGW, removing a 8-stop deviation that runs 6.00x the direct distance for 6.7% of the demand it uniquely reaches",,8.0,,0.06712521715936516,,6.003714367863028,425.0,,,,,,,,,,
straighten|007|d8:ALLOPPE,straighten,007,,"straighten route 007 between GOUALLN and 5THRARW, removing a 8-stop deviation that runs 5.76x the direct distance for 7.9% of the demand it uniquely reaches",,8.0,,0.07873391554572959,,5.764245826923003,449.0,,,,,,,,,,
straighten|025|d5:CHANCHAW,straighten,025,,"straighten route 025 between CHANMEIW and BRISCAS, removing a 5-stop deviation that runs 5.10x the direct distance for 9.1% of the demand it uniquely reaches",,5.0,,0.0908177609666944,,5.0961034701922765,254.0,,,,,,,,,,
straighten|034|d10:MOR415S,straighten,034,,"straighten route 034 between MORMORS and STELSAMS, removing a 10-stop deviation that runs 4.26x the direct distance for 0.0% of the demand it uniquely reaches",,10.0,,0.0,,4.257995578441227,690.0,,,,,,,,,,
straighten|004|d5:FAISOUS,straighten,004,,"straighten route 004 between FAIWATS and WEIWATN, removing a 5-stop deviation that runs 4.39x the direct distance for 4.2% of the demand it uniquely reaches",,5.0,,0.041944043643259855,,4.394006923326242,263.0,,,,,,,,,,
straighten|001|d4:BETPICW,straighten,001,,"straighten route 001 between BETCOAW and PICBETS, removing a 4-stop deviation that runs 3.90x the direct distance for 1.7% of the demand it uniquely reaches",,4.0,,0.016815009850588508,,3.897302933836451,288.0,,,,,,,,,,
straighten|011|d10:RICGRAW,straighten,011,,"straighten route 011 between GRATOWS and LONCLEE, removing a 10-stop deviation that runs 4.17x the direct distance for 8.8% of the demand it uniquely reaches",,10.0,,0.08759703377720765,,4.170563067770235,727.0,,,,,,,,,,
straighten|031|d6:KINSTAW,straighten,031,,"straighten route 031 between GRAKINGN and KINKENE1, removing a 6-stop deviation that runs 3.59x the direct distance for 9.0% of the demand it uniquely reaches",,6.0,,0.08960534673479251,,3.5910989027098563,445.0,,,,,,,,,,
straighten|024|d4:HAMCHEN,straighten,024,,"straighten route 024 between HAMSTON and MORKOHW, removing a 4-stop deviation that runs 3.29x the direct distance for 5.8% of the demand it uniquely reaches",,4.0,,0.05761193494261668,,3.2924620187851046,247.0,,,,,,,,,,
straighten|002|d5:HANMAIN,straighten,002,,"straighten route 002 between MAIOAKE1 and MAIWAGW, removing a 5-stop deviation that runs 3.01x the direct distance for 5.1% of the demand it uniquely reaches",,5.0,,0.05093045479620948,,3.0056523493670593,340.0,,,,,,,,,,
straighten|021|d8:SULINDE,straighten,021,,"straighten route 021 between SULMURE and BROMURW, removing a 8-stop deviation that runs 3.09x the direct distance for 9.8% of the demand it uniquely reaches",,8.0,,0.0978505068513004,,3.087682606157604,515.0,,,,,,,,,,
straighten|102|d3:346HUTCH,straighten,102,,"straighten route 102 between HUNTPARK and CAMVANW, removing a 3-stop deviation that runs 2.89x the direct distance for 4.7% of the demand it uniquely reaches",,3.0,,0.04653609635836621,,2.887068233041018,243.0,,,,,,,,,,
extend|009|a10:MORHARS,extend,009,,"extend route 009 past its end terminal along route 032's corridor for 10 stops, reaching 1,411 daily trips' worth of zone flow on a corridor with 40 trips a day today",end,10.0,,,,,,032,40.0,1411.19514147981,,,,,,,
extend|023|a10:MORHARS,extend,023,,"extend route 023 past its end terminal along route 032's corridor for 10 stops, reaching 1,411 daily trips' worth of zone flow on a corridor with 40 trips a day today",end,10.0,,,,,,032,40.0,1411.19514147981,,,,,,,
extend|024|a10:MORHARS,extend,024,,"extend route 024 past its end terminal along route 032's corridor for 10 stops, reaching 1,411 daily trips' worth of zone flow on a corridor with 40 trips a day today",end,10.0,,,,,,032,40.0,1411.19514147981,,,,,,,
extend|025|a10:MORSTEE,extend,025,,"extend route 025 past its start terminal along route 032's corridor for 10 stops, reaching 1,411 daily trips' worth of zone flow on a corridor with 40 trips a day today",start,10.0,,,,,,032,40.0,1411.19514147981,,,,,,,
extend|031|a10:MORHARS,extend,031,,"extend route 031 past its end terminal along route 032's corridor for 10 stops, reaching 1,411 daily trips' worth of zone flow on a corridor with 40 trips a day today",end,10.0,,,,,,032,40.0,1411.19514147981,,,,,,,
extend|006|a10:BRYMONE,extend,006,,"extend route 006 past its start terminal along route 011's corridor for 10 stops, reaching 658 daily trips' worth of zone flow on a corridor with 38 trips a day today",start,10.0,,,,,,011,38.0,657.9991287583518,,,,,,,
extend|102|a10:SPRMOUW,extend,102,,"extend route 102 past its end terminal along route 011's corridor for 10 stops, reaching 618 daily trips' worth of zone flow on a corridor with 38 trips a day today",end,10.0,,,,,,011,38.0,617.5091267528892,,,,,,,
extend|032|a10:HILWESS,extend,032,,"extend route 032 past its end terminal along route 021's corridor for 10 stops, reaching 357 daily trips' worth of zone flow on a corridor with 38 trips a day today",end,10.0,,,,,,021,38.0,356.65720666080733,,,,,,,
extend|101|a10:BRYOHIW,extend,101,,"extend route 101 past its start terminal along route 011's corridor for 10 stops, reaching 317 daily trips' worth of zone flow on a corridor with 38 trips a day today",start,10.0,,,,,,011,38.0,317.42053632916685,,,,,,,
extend|141|a10:BRYPARW,extend,141,,"extend route 141 past its start terminal along route 011's corridor for 10 stops, reaching 291 daily trips' worth of zone flow on a corridor with 38 trips a day today",start,10.0,,,,,,011,38.0,291.2176789214371,,,,,,,
extend|034|a10:MORSANW,extend,034,,"extend route 034 past its start terminal along route 011's corridor for 10 stops, reaching 207 daily trips' worth of zone flow on a corridor with 38 trips a day today",start,10.0,,,,,,011,38.0,207.32754750679237,,,,,,,
extend|002|a10:MAIMORN1,extend,002,,"extend route 002 past its end terminal along route 011's corridor for 10 stops, reaching 203 daily trips' worth of zone flow on a corridor with 38 trips a day today",end,10.0,,,,,,011,38.0,203.3048965483319,,,,,,,
splice|008|035|BOASHAN,splice,008,035,"through-route 008 and 035 at BOASHAN, a stop within 3 stops of both routes' terminals, removing a forced transfer for riders crossing it",,,,,,,,,,,10794.0,2.0,,,,,
splice|005|006|NMURBEAN,splice,005,006,"through-route 005 and 006 at NMURBEAN, a stop within 3 stops of both routes' terminals, removing a forced transfer for riders crossing it",,,,,,,,,,,2039.55,3.0,,,,,
splice|005|021|NMURBEAN,splice,005,021,"through-route 005 and 021 at NMURBEAN, a stop within 3 stops of both routes' terminals, removing a forced transfer for riders crossing it",,,,,,,,,,,2039.55,3.0,,,,,
splice|006|021|NMURBEAN,splice,006,021,"through-route 006 and 021 at NMURBEAN, a stop within 3 stops of both routes' terminals, removing a forced transfer for riders crossing it",,,,,,,,,,,2039.55,3.0,,,,,
splice|002|011|HIGFITN,splice,002,011,"through-route 002 and 011 at HIGFITN, a stop within 3 stops of both routes' terminals, removing a forced transfer for riders crossing it",,,,,,,,,,,616.75,3.0,,,,,
splice|002|033|WESHIGW,splice,002,033,"through-route 002 and 033 at WESHIGW, a stop within 3 stops of both routes' terminals, removing a forced transfer for riders crossing it",,,,,,,,,,,432.0,1.0,,,,,
splice|002|034|WESHIGW,splice,002,034,"through-route 002 and 034 at WESHIGW, a stop within 3 stops of both routes' terminals, removing a forced transfer for riders crossing it",,,,,,,,,,,432.0,1.0,,,,,
splice|011|033|WESHIGW,splice,011,033,"through-route 011 and 033 at WESHIGW, a stop within 3 stops of both routes' terminals, removing a forced transfer for riders crossing it",,,,,,,,,,,432.0,1.0,,,,,
splice|011|034|WESHIGW,splice,011,034,"through-route 011 and 034 at WESHIGW, a stop within 3 stops of both routes' terminals, removing a forced transfer for riders crossing it",,,,,,,,,,,432.0,1.0,,,,,
splice|033|034|WESHIGW,splice,033,034,"through-route 033 and 034 at WESHIGW, a stop within 3 stops of both routes' terminals, removing a forced transfer for riders crossing it",,,,,,,,,,,432.0,1.0,,,,,
splice|001|021|PICBETS,splice,001,021,"through-route 001 and 021 at PICBETS, a stop within 3 stops of both routes' terminals, removing a forced transfer for riders crossing it",,,,,,,,,,,334.75,1.0,,,,,
splice|007|101|EMO4THW,splice,007,101,"through-route 007 and 101 at EMO4THW, a stop within 3 stops of both routes' terminals, removing a forced transfer for riders crossing it",,,,,,,,,,,230.625,1.0,,,,,
reroute|031|rMOCWOOE-STEMORN1,reroute,031,,"reroute route 031 between MOCWOOE and STEMORN1 onto route 007's alignment, 26 stops reaching 58.2x the uniquely-served demand of the 12 stops it replaces",,,,,,,,007,,,,,226.25,13156.754166666668,6373.9121864822655,12.0,26.0
reroute|102|rHIGCHAS-MAIHIGE,reroute,102,,"reroute route 102 between HIGCHAS and MAIHIGE onto route 001's alignment, 22 stops reaching 11.2x the uniquely-served demand of the 12 stops it replaces",,,,,,,,001,,,,,991.6082521645021,11076.264285714286,9695.117761102152,12.0,22.0
reroute|023|rSTEOPPN-MOR342N,reroute,023,,"reroute route 023 between STEOPPN and MOR342N onto route 007's alignment, 21 stops reaching 4.0x the uniquely-served demand of the 12 stops it replaces",,,,,,,,007,,,,,2760.133333333333,11037.2875,6285.249446421301,12.0,21.0
reroute|009|rRICGRUE-SAIBUCN,reroute,009,,"reroute route 009 between RICGRUE and SAIBUCN onto route 010's alignment, 15 stops reaching 10.3x the uniquely-served demand of the 12 stops it replaces",,,,,,,,010,,,,,880.9652777777778,9054.625,3562.735753096039,12.0,15.0
reroute|007|rGREELDW-SPR4THW,reroute,007,,"reroute route 007 between GREELDW and SPR4THW onto route 010's alignment, 18 stops reaching 7.0x the uniquely-served demand of the 12 stops it replaces",,,,,,,,010,,,,,1334.25,9362.375,3469.472284085424,12.0,18.0
reroute|011|rFROMOUN-LONTALE,reroute,011,,"reroute route 011 between FROMOUN and LONTALE onto route 010's alignment, 12 stops reaching 10.1x the uniquely-served demand of the 9 stops it replaces",,,,,,,,010,,,,,876.1944444444443,8833.5,2328.092756691492,9.0,12.0
reroute|002|rMAICARW-HIGOHIN,reroute,002,,"reroute route 002 between MAICARW and HIGOHIN onto route 010's alignment, 11 stops reaching 5.9x the uniquely-served demand of the 12 stops it replaces",,,,,,,,010,,,,,1496.8916666666669,8833.5,2696.926134549782,12.0,11.0
reroute|006|r3RDTOWS-SULYALW,reroute,006,,"reroute route 006 between 3RDTOWS and SULYALW onto route 010's alignment, 12 stops reaching 11.3x the uniquely-served demand of the 12 stops it replaces",,,,,,,,010,,,,,599.7291666666666,6776.0,2993.7656541404785,12.0,12.0
reroute|004|rINDWALS-SUM15TS,reroute,004,,"reroute route 004 between INDWALS and SUM15TS onto route 002's alignment, 13 stops reaching 3.5x the uniquely-served demand of the 12 stops it replaces",,,,,,,,002,,,,,2422.458333333333,8513.17261904762,3360.3387416514615,12.0,13.0
reroute|010|rBROWHIE-HIGLONN2,reroute,010,,"reroute route 010 between BROWHIE and HIGLONN2 onto route 006's alignment, 24 stops reaching 5.5x the uniquely-served demand of the 12 stops it replaces",,,,,,,,006,,,,,1315.6607142857142,7300.354166666666,4881.795898735754,12.0,24.0
reroute|003|rRICGRUE-4THATHN,reroute,003,,"reroute route 003 between RICGRUE and 4THATHN onto route 010's alignment, 9 stops reaching 80.7x the uniquely-served demand of the 6 stops it replaces",,,,,,,,010,,,,,73.70833333333333,5945.0,1903.8287385315496,6.0,9.0
reroute|012|rMCKCENE-4THLINN,reroute,012,,"reroute route 012 between MCKCENE and 4THLINN onto route 010's alignment, 7 stops reaching 6.4x the uniquely-served demand of the 12 stops it replaces",,,,,,,,010,,,,,1050.125,6703.375,3772.49366784492,12.0,7.0
