period,od_index,origin_zone,dest_zone,flow,best_in_set_min,bound_min,omitted_path_min,improvement_min,improvement_pct,flow_weighted_improvement,route_sequence,n_boardings,sequence_already_in_set
am_peak,140,108,1131,0.3606918472214865,153.2286075434102,150.21356599144252,150.21356599144252,3.01504155196767,1.9676753579539632,1.0875009068287564,102+034+008,3,False
am_peak,219,109,1131,0.4122192539674131,141.19745696251965,138.18241541055198,138.18241541055198,3.01504155196767,2.1353370073570104,1.2428581792328643,102+034+008,3,False
am_peak,349,219,367,1.6488770158696524,64.5793392131598,63.36267254649312,63.36267254649312,1.2166666666666757,1.8839874818953655,2.006133702641425,002,1,False
am_peak,388,220,367,1.8034592361074324,63.620592132033984,57.823465212408,57.823465212407996,5.797126919625988,9.11202918010416,10.454882086086517,002,1,False
am_peak,393,220,382,0.9790207281726062,67.31554529368765,62.66841837406166,62.668418374061666,4.647126919625983,6.903497400713703,4.54963358076275,002,1,False
am_peak,472,223,367,1.133602948410386,58.119539738485855,56.36953973848586,56.369539738485855,1.75,3.0110355448000514,1.9838051597181754,002,1,False
am_peak,544,227,367,1.442767388885946,55.04869879052512,52.49869879052512,52.498698790525125,2.549999999999997,4.632262080714065,3.6790568416591585,002,1,False
am_peak,549,227,382,1.1851303551563128,58.74365195217879,57.34365195217879,57.34365195217879,1.3999999999999986,2.3832362365548723,1.6591824972188363,002,1,False
am_peak,553,227,473,0.566801474205193,120.06345322325771,97.81345322325771,112.81345322325772,7.249999999999986,6.038473661521819,4.109310687987641,002+033,2,False
am_peak,566,227,795,0.30916444047555985,81.79247459931017,74.90143697943597,74.90143697943599,6.891037619874183,8.425026450944793,2.1304637900444354,002+001,2,False
am_peak,571,227,1131,0.4122192539674131,120.89406127460013,111.21235305596578,111.21235305596579,9.681708218634341,8.008423339044919,3.99098653901562,002+034+008,3,False
am_peak,572,227,1136,0.7729111011888996,98.43121918820054,91.76455252153386,91.76455252153387,6.666666666666671,6.772918919067742,5.152740674592668,002+034,2,False
am_peak,573,227,1168,0.30916444047555985,132.31321156611918,122.26321156611917,129.76321156611917,2.5500000000000114,1.9272451857354642,0.7883693232126812,002+007,2,False
am_peak,635,229,367,2.267205896820772,60.47115477637638,54.383477857329076,54.383477857329076,6.087676919047304,10.06707568519183,13.802017008803757,002,1,False
am_peak,640,229,382,0.46374666071333975,64.16610793803004,59.22843101898274,59.22843101898274,4.937676919047298,7.695147917988074,2.2898311828895164,002,1,False
am_peak,749,231,762,0.30916444047555985,123.77108675306502,112.04934339534552,119.54934339534552,4.221743357719504,3.4109285685939557,1.3052129230207616,002+007,2,False
am_peak,816,233,329,0.30916444047555985,111.43938511005905,109.23451162001038,109.23451162001038,2.2048734900486693,1.9785406101003755,0.6816684788702917,032+002,2,False
am_peak,925,235,387,0.3606918472214865,110.04591323506308,108.18962292218026,108.18962292218026,1.8562903128828196,1.6868325758883014,0.6695487819330553,008+010,2,False
am_peak,1006,239,320,0.46374666071333975,85.25332753638305,77.92056624717868,81.44997801188455,3.8033495244985005,4.461232932961318,1.7637906415118483,002+022,2,False
am_peak,1012,239,367,3.0401169980096716,52.39011888849751,48.89011888849751,48.89011888849751,3.5,6.680649088521998,10.64040949303385,002,1,False
am_peak,1017,239,382,1.1851303551563128,56.085072050151176,53.735072050151174,53.735072050151174,2.3500000000000014,4.190063262999173,2.785056334617337,002,1,False
am_peak,1018,239,383,0.30916444047555985,88.81882083207348,85.3188208320735,85.31882083207348,3.5,3.940606244500051,1.0820755416644594,002+012,2,False
am_peak,1019,239,429,0.4122192539674131,68.15417611019095,66.38750944352428,66.38750944352428,1.7666666666666657,2.5921620177908657,0.7282540153424294,002,1,False
am_peak,1021,239,473,0.4122192539674131,123.19052946839972,101.10719613506637,116.10719613506637,7.083333333333343,5.749900876227931,2.91988638226918,002+033,2,False
am_peak,1038,239,1168,0.46374666071333975,129.65463166409154,118.65463166409157,126.15463166409155,3.499999999999986,2.6994793437597857,1.6231133124966826,002+007,2,False
am_peak,1153,244,367,1.288185168648166,53.12688067384929,49.62688067384929,49.62688067384929,3.5,6.588002072786496,4.508648090268581,002,1,False
am_peak,1155,244,382,0.7729111011888996,56.82183383550296,54.471833835502956,54.471833835502956,2.3500000000000014,4.135734173598061,1.8163410877939152,002,1,False
am_peak,1164,244,1168,0.4122192539674131,130.39139344944334,119.39139344944334,126.89139344944334,3.5,2.684226241785701,1.4427673888859458,002+007,2,False
am_peak,1228,247,367,1.4942947956318726,53.00461310602,47.22658239035439,47.22658239035438,5.778030715665622,10.900995926728843,8.634081227420243,002,1,False
am_peak,1230,247,381,0.30916444047555985,59.62866668414503,56.03396930181274,56.033969301812746,3.594697382332285,6.028471844546706,1.1113526048877205,002,1,False
am_peak,1231,247,382,1.288185168648166,56.69956626767367,52.071535552008044,52.071535552008044,4.6280307156656235,8.162374106738485,5.961760527968614,002,1,False
am_peak,1258,248,366,0.3606918472214865,74.96828607651312,70.83495274317978,70.83495274317977,4.133333333333354,5.513442483018549,1.4908596351821517,002+007,2,False
am_peak,1259,248,367,2.1126236765829924,48.778257736112245,44.64492440277891,44.64492440277891,4.133333333333333,8.473720721421508,8.732177863209701,002,1,False
am_peak,1261,248,381,0.46374666071333975,55.402311314237274,53.45231131423727,53.45231131423727,1.9500000000000028,3.5197087517518284,0.9043059883910138,002,1,False
am_peak,1262,248,382,1.442767388885946,52.47321089776591,49.489877564432575,49.489877564432575,2.9833333333333343,5.685440784528686,4.30425604350974,002,1,False
am_peak,1264,248,455,0.30916444047555985,102.90357397194441,92.47307964762138,99.97307964762136,2.9304943243230497,2.8478061657236693,0.9060046380961395,002+008,2,False
am_peak,1273,248,762,0.30916444047555985,115.30722846558763,103.6738951322543,111.17389513225429,4.13333333333334,3.5846263832166385,1.2778796872989828,002+007,2,False
am_peak,1359,252,367,0.721383694442973,44.83560490460734,40.33560490460733,40.33560490460733,4.500000000000007,10.03666619325032,3.2462266249933838,002,1,False
am_peak,1361,252,382,0.7729111011888996,48.530558066260994,45.180558066261,45.180558066261,3.3499999999999943,6.90286725206433,2.5892521889828095,002,1,False
am_peak,1362,252,429,0.3606918472214865,60.59966212630077,57.832995459634105,57.832995459634105,2.7666666666666657,4.565482000378858,0.9979141106461124,002,1,False
am_peak,1376,253,367,0.9274933214266795,48.61142233724069,44.11142233724069,44.11142233724069,4.5,9.25708358990475,4.173719946420058,002,1,False
am_peak,1378,253,382,0.7729111011888996,52.306375498894354,48.95637549889435,48.95637549889435,3.3500000000000014,6.404572995257171,2.589252188982815,002,1,False
am_peak,1697,270,1131,0.5152740674592664,107.62830731602904,104.32116200222397,104.32116200222397,3.3071453138050657,3.0727467487659115,1.7040862175231881,101+008,2,False
am_peak,1822,277,367,0.721383694442973,43.50097454242966,40.534460592995124,40.53446059299512,2.9665139494345425,6.819419520224969,2.139994792459705,002,1,False
am_peak,1960,293,382,0.4122192539674131,48.282874600799545,44.34954126746621,44.34954126746621,3.933333333333337,8.146435699725721,1.6213957322718264,002,1,False
am_peak,1969,294,367,0.6183288809511197,42.38396400633586,37.30063067300252,37.300630673002516,5.083333333333343,11.993529752369197,3.143171811501531,002,1,False
am_peak,1970,294,382,0.566801474205193,46.078917167989516,42.145583834656186,42.145583834656186,3.93333333333333,8.536080218624953,2.2294191318737573,002,1,False
am_peak,1977,295,287,0.9790207281726062,70.41579754436458,63.82315048554105,63.82315048554105,6.59264705882353,9.362454575153986,6.454338124114403,008+001,2,False
am_peak,1997,295,871,0.30916444047555985,124.50604225687621,102.53235423446608,117.53235423446608,6.97368802241013,5.601084008455009,2.1560163554995415,008+005,2,False
am_peak,2019,296,871,0.30916444047555985,119.81104911249665,97.83736109008652,112.83736109008652,6.97368802241013,5.820571703584852,2.1560163554995415,008+005,2,False
am_peak,2042,299,382,0.30916444047555985,43.913486665569025,39.53015333223569,39.53015333223569,4.383333333333333,9.981747445187825,1.3551707974178706,002,1,False
am_peak,2114,305,108,0.566801474205193,124.0487374610519,117.43942373556172,117.43942373556172,6.609313725490182,5.327997576408495,3.7461687630924514,008+102,2,False
am_peak,2115,305,109,0.46374666071333975,112.74749873628215,106.13818501079196,106.13818501079194,6.60931372549021,5.862049091616196,3.065047169802928,008+102,2,False
am_peak,2140,305,571,0.30916444047555985,105.74310747219124,99.13379374670102,99.13379374670103,6.60931372549021,6.250349439776351,2.043364779868619,008+102,2,False
am_peak,2190,307,367,1.3912399821400192,34.4522110981347,32.9522110981347,32.9522110981347,1.5,4.353856986790646,2.0868599732100286,002,1,False
am_peak,2210,308,367,0.46374666071333975,32.11226310244653,30.612263102446526,30.61226310244653,1.5000000000000036,4.671112699888545,0.6956199910700113,002,1,False
am_peak,2219,309,382,0.566801474205193,36.68887601788522,35.505542684551884,35.505542684551884,1.1833333333333371,3.225319120587073,0.6707150778094806,002,1,False
am_peak,2269,315,382,0.6698562876970463,35.74278677334204,34.5594534400087,34.55945344000871,1.18333333333333,3.3106913034992917,0.7926632737748359,002,1,False
am_peak,2277,315,745,0.3606918472214865,153.75148919980427,148.0693074178672,148.0693074178672,5.682181781937061,3.69569219232271,2.0495166431751564,002+031+025,3,False
am_peak,2285,315,1136,0.721383694442973,105.25415863375491,91.53372580918071,99.03372580918071,6.220432824574203,5.909916439709505,4.487318812025677,002+007,2,False
am_peak,2289,316,287,3.813028099198571,66.22219140004083,60.35279539247864,60.35279539247864,5.869396007562187,8.863186015856565,22.38017190215853,008+001,2,False
am_peak,2321,317,287,3.0916444047555984,66.1030262640998,62.087755886273044,62.087755886273044,4.015270377826752,6.074261050900516,12.413788197188977,008+001,2,False
am_peak,2582,325,287,2.9370621845178184,65.64298586239404,59.739075477087894,59.7390754770879,5.9039103853061405,8.993969892963705,17.34015193346469,008+001,2,False
am_peak,2649,327,287,4.482884386895618,73.89994901135074,67.9960386260446,67.9960386260446,5.903910385306148,7.989058807603954,26.46654768791982,008+001,2,False
am_peak,2776,330,366,0.46374666071333975,58.334498377151846,54.22413420518424,54.224134205184235,4.1103641719676105,7.046197852585866,1.9061676590657313,002+007,2,False
am_peak,2800,330,1136,1.133602948410386,101.46369556757665,89.85333139560905,97.35333139560903,4.110364171967618,4.051068856673017,4.659520944382906,002+007,2,False
am_peak,2801,330,1168,0.566801474205193,109.40898281234502,97.79861864037743,105.29861864037741,4.110364171967603,3.7568799803372417,2.329760472191445,002+007,2,False
am_peak,2884,332,640,0.3606918472214865,111.93848339097869,105.94495164926562,105.94495164926562,5.9935317417130705,5.354308509593492,2.1618180352991008,101+102,2,False
am_peak,2896,332,1168,0.3606918472214865,112.57508019457717,99.32742649560042,106.82742649560042,5.747653698976748,5.1056181252923665,2.073131829873333,101+007,2,False
am_peak,3152,343,383,0.3606918472214865,92.88128983250019,81.29985029084969,88.7998502908497,4.081439541650482,4.394253728615149,1.4721419676007297,007+010,2,False
am_peak,3281,349,287,0.8759659146807529,103.09192668878734,93.48114208795336,93.48114208795336,9.61078460083398,9.322538543533968,8.418719723669232,010+001,2,False
am_peak,3335,351,932,0.30916444047555985,95.38569634163682,91.93270971249565,91.93270971249567,3.452986629141151,3.620025602972809,1.0675406791680133,002+022,2,False
am_peak,3376,353,379,0.30916444047555985,80.67809298251942,78.07039494099564,78.07039494099564,2.6076980415237756,3.23222568248953,0.8062075059369114,001+010,2,False
am_peak,3408,354,366,0.3606918472214865,80.0569360404512,75.53021360147552,75.53021360147554,4.526722438975668,5.654378824451142,1.6327518783730863,002+007,2,False
am_peak,3583,360,382,0.4122192539674131,49.489517940341415,48.35472203917654,48.35472203917654,1.1347959011648712,2.2930025354719437,0.4677847197834614,007,1,False
am_peak,3596,361,287,1.0305481349185328,81.80820134156271,75.32067096356869,75.3206709635687,6.4875303779940054,7.930171146175795,6.6857123312690465,007+001,2,False
am_peak,3678,364,366,0.30916444047555985,59.01797395855314,54.81603597542356,54.81603597542356,4.201937983129582,7.119759797380539,1.2990898054672597,002+007,2,False
am_peak,3681,364,382,1.3397125753940926,40.30260901858897,33.47096079667635,33.47096079667635,6.831648221912616,16.950883300784874,9.152445033565025,002,1,False
am_peak,3693,364,1136,1.0305481349185328,102.14717114897795,90.44523316584838,97.94523316584835,4.201937983129596,4.1136116995361744,4.330299351557547,002+007,2,False
am_peak,3695,364,1168,0.30916444047555985,110.09245839374631,98.39052041061674,105.89052041061673,4.201937983129582,3.816735537053162,1.2990898054672597,002+007,2,False
am_peak,3696,365,287,0.3606918472214865,75.64931250574438,68.30445370118076,68.30445370118078,7.3448588045636,9.709088637131863,2.649230689799044,101+001,2,False
am_peak,3701,366,287,2.0610962698370656,80.05272244013966,72.70786363557606,72.70786363557606,7.3448588045636,9.175026883134178,15.138461084565964,007+001,2,False
am_peak,3780,368,287,2.8340073710259652,73.07154991073074,67.1676395254246,67.1676395254246,5.903910385306133,8.079629339351305,16.73172554983433,008+001,2,False
am_peak,3786,368,366,0.4122192539674131,67.08748347385327,60.21925504783694,60.21925504783694,6.86822842601633,10.2377195720766,2.8312159978502316,008+007,2,False
am_peak,3817,368,1136,1.0305481349185328,110.21668066427806,95.84845223826176,103.34845223826174,6.868228426016316,6.231568928243321,7.0780399946255645,008+007,2,False
am_peak,3818,368,1168,0.6183288809511197,118.16196790904644,103.79373948303012,111.29373948303012,6.868228426016316,5.812554197898127,4.246823996775339,008+007,2,False
am_peak,3822,369,287,4.585939200387471,74.82241708434921,68.91850669904306,68.91850669904306,5.903910385306148,7.890563570875449,27.07497407155016,008+001,2,False
am_peak,3826,369,329,0.8244385079348262,66.92123422981972,62.18426904709692,62.18426904709692,4.736965182722798,7.078418736951558,3.9053365073832054,008+001,2,False
am_peak,3834,369,379,0.4122192539674131,71.67343767174032,68.7531391556842,68.7531391556842,2.9202985160561212,4.07445018813092,1.203803275650798,008+010,2,False
am_peak,3846,369,745,0.5152740674592664,165.02695694324817,153.60665842719203,161.10665842719203,3.9202985160561354,2.37555038805224,2.020028162022771,008+007+025,3,False
am_peak,3860,369,1136,1.5973496091237258,107.11119285125038,95.69089433519426,103.19089433519426,3.9202985160561212,3.660026941815873,6.262087302270568,008+007,2,False
am_peak,3861,369,1168,0.46374666071333975,115.05648009601876,103.63618157996264,111.13618157996262,3.9202985160561354,3.4072818087121264,1.818025345820494,008+007,2,False
am_peak,3890,371,287,1.0820755416644594,86.99831752190052,79.65345871733692,79.65345871733692,7.3448588045636,8.442529710663248,7.947692069397132,007+001,2,False
am_peak,4007,376,287,0.46374666071333975,84.97872808290927,79.75663424517171,79.75663424517171,5.22209383773756,6.145177688047577,2.4217285791825027,010+001,2,False
am_peak,4136,381,287,1.3397125753940926,56.87496271346064,51.63194698322254,51.63194698322254,5.243015730238099,9.218495239553327,7.024134106789023,002,1,False
am_peak,4216,383,287,0.9790207281726062,78.7333294411833,72.83140161570847,72.83140161570846,5.901927825474843,7.496098370746281,5.778109677318547,010+001,2,False
am_peak,4370,388,575,0.30916444047555985,125.23363296647975,119.87261800780895,119.87261800780897,5.361014958670779,4.280810858617922,1.657435190078558,010+102,2,False
am_peak,4421,390,382,0.566801474205193,81.18758667334538,77.53333872191651,77.53333872191651,3.6542479514288715,4.500993441437759,2.0712331259811907,010+007,2,False
am_peak,4479,392,382,0.30916444047555985,69.66415836090195,66.00991040947308,66.00991040947308,3.6542479514288715,5.245520849469945,1.1297635232624679,010+007,2,False
am_peak,4507,393,382,0.4122192539674131,78.45703867831764,74.80279072688877,74.80279072688877,3.6542479514288715,4.657641956653098,1.506351364349957,010+007,2,False
am_peak,4543,394,382,0.8759659146807529,74.5097730394148,70.85552508798592,70.85552508798592,3.6542479514288715,4.9043874412230695,3.200996649243659,010+007,2,False
am_peak,4603,395,382,1.2366577619022394,77.32671267482056,73.67246472339168,73.67246472339168,3.6542479514288715,4.725725205461608,4.5190540930498715,010+007,2,False
am_peak,4677,398,382,0.9790207281726062,74.7306422607498,71.07639430932093,71.07639430932093,3.6542479514288715,4.889892339849679,3.5775844903311484,010+007,2,False
am_peak,5235,425,287,0.5152740674592664,85.67827631704401,80.788050813859,80.78805081385902,4.890225503184993,5.7076609303964005,2.519806385819169,010+001,2,False
am_peak,5750,449,745,0.8244385079348262,171.45414112213356,158.72035589760517,166.22035589760517,5.23378522452839,3.05258606778133,4.314934081361525,005+007+025,3,False
am_peak,5781,450,745,0.9790207281726062,173.065901801684,158.00426181377298,165.504261813773,7.561639987910979,4.369225774223193,7.403002287143704,005+007+025,3,False
am_peak,5957,457,287,2.0610962698370656,99.3633835840499,85.57996041716152,93.07996041716152,6.283423166888383,6.323680756677671,12.950740051081448,008+001,2,False
am_peak,6033,460,369,0.6183288809511197,99.93218138196576,89.63125647549829,93.16066824020416,6.771513141761602,6.776108604973994,4.187022143291252,022+008,2,False
am_peak,6240,473,379,0.46374666071333975,165.80800204763733,143.5221750506996,158.5221750506996,7.285826996937743,4.39413472628691,3.3787779403649787,033+002,2,False
am_peak,6375,485,379,0.4122192539674131,164.26244014583176,141.97661314889405,156.97661314889405,7.285826996937715,4.435479584054259,3.0033581692133025,033+002,2,False
am_peak,6401,485,1131,0.30916444047555985,167.34645529760013,149.33141374563246,164.33141374563246,3.01504155196767,1.8016763764765011,0.9321436344246483,033+034+008,3,False
am_peak,6407,490,367,1.0305481349185328,100.7550548651449,99.00505486514488,99.00505486514488,1.7500000000000142,1.7368855610691623,1.803459236107447,033+002,2,False
am_peak,6667,502,381,0.30916444047555985,117.75582375669653,112.43915709002987,112.43915709002985,5.316666666666677,4.514992547334058,1.6437242751950631,073+002,2,False
am_peak,6697,504,307,0.4122192539674131,101.10743803809665,94.93394400839799,94.93394400839799,6.173494029698659,6.105875244680342,2.54483310329466,033+002,2,False
am_peak,6701,504,367,0.7729111011888996,105.85255721656473,104.10255721656472,104.10255721656473,1.75,1.6532430070816888,1.3525944270805743,033+002,2,False
am_peak,6913,509,1136,1.0820755416644594,118.58339952547746,106.22149637632106,106.22149637632106,12.361903149156404,10.424648980062736,13.376513046127004,033+034,2,False
am_peak,6967,511,366,0.3606918472214865,127.14911477309323,125.39911477309323,125.39911477309323,1.75,1.376336754780402,0.6312107326376014,033+002+007,3,False
am_peak,6968,511,367,1.8034592361074324,100.95908643269236,99.20908643269236,99.20908643269236,1.75,1.7333754314097267,3.1560536631880067,033+002,2,False
am_peak,7008,511,1131,0.3606918472214865,129.36905911556053,126.35401756359285,126.35401756359286,3.01504155196767,2.3305739197457145,1.0875009068287564,033+034+008,3,False
am_peak,7042,512,1131,0.30916444047555985,132.00754799045535,128.99250643848768,128.99250643848768,3.01504155196767,2.2839917852164553,0.9321436344246483,033+034+008,3,False
am_peak,7043,512,1136,0.9790207281726062,121.33518374706104,109.54470590405575,109.54470590405575,11.790477843005291,9.717278598748468,11.543122203362019,033+034,2,False
am_peak,7070,513,1131,0.5152740674592664,128.11990376277603,125.10486221080838,125.10486221080836,3.01504155196767,2.3532967660905006,1.5535727240410804,033+034+008,3,False
am_peak,7071,513,1136,0.5152740674592664,116.53687532758295,105.65706167637646,105.65706167637646,10.87981365120649,9.335940766065283,5.606085833256021,033+034,2,False
am_peak,7105,515,379,0.4122192539674131,136.7590880097739,129.4732610128362,129.4732610128362,7.285826996937715,5.327490189476118,3.0033581692133025,033+002,2,False
am_peak,7145,515,1131,0.3606918472214865,139.84310316154227,136.8280616095746,136.82806160957458,3.0150415519676983,2.1560173392926063,1.0875009068287667,033+034+008,3,False
am_peak,7156,516,379,0.3606918472214865,142.12893239583337,134.84310539889566,134.84310539889566,7.285826996937715,5.126209614131531,2.62793839806164,033+002,2,False
am_peak,7210,517,1131,0.566801474205193,146.71896621360088,143.7039246616332,143.7039246616332,3.01504155196767,2.054977369168632,1.7089299964451883,033+034+008,3,False
am_peak,7341,521,1131,0.3606918472214865,166.87518539549154,148.86014384352387,163.86014384352387,3.01504155196767,1.8067644658024316,1.0875009068287564,033+034+008,3,False
am_peak,7415,523,379,0.46374666071333975,163.0790334337055,140.79320643676775,155.79320643676775,7.285826996937743,4.467666286420296,3.3787779403649787,033+002,2,False
am_peak,7460,523,1131,0.9790207281726062,166.1630485854738,148.14800703350613,163.14800703350616,3.0150415519676415,1.8145078449356402,2.951788175678025,033+034+008,3,False
am_peak,7904,541,625,0.4122192539674131,163.441793002029,146.1169043307985,153.6169043307985,9.824888671230497,6.01124626129654,4.050008278367524,033+034+101,3,False
am_peak,7921,541,1136,1.3912399821400192,126.67567626600953,115.94586261480305,115.94586261480305,10.729813651206484,8.470303034873618,14.927745752470244,033+034,2,False
am_peak,7958,542,1131,0.46374666071333975,130.66702814784716,127.65198659587948,127.65198659587949,3.01504155196767,2.3074233758161315,1.3982154516369723,033+034+008,3,False
am_peak,7959,542,1136,0.566801474205193,119.43399971265407,108.20418606144756,108.20418606144756,11.229813651206513,9.40252664921571,6.365074932553452,033+034,2,False
am_peak,7973,543,1131,0.4122192539674131,134.7869682770534,131.77192672508573,131.77192672508573,3.01504155196767,2.236893959785696,1.2428581792328643,033+034+008,3,False
am_peak,8023,546,1136,0.5152740674592664,126.49437960387498,117.34558485204819,117.34558485204819,9.148794751826784,7.232570158829827,4.714136684123777,033+034,2,False
am_peak,8076,548,379,0.566801474205193,165.47983847436123,143.1940114774235,158.19401147742352,7.285826996937715,4.4028487482881795,4.129617482668291,033+002,2,False
am_peak,8117,548,1131,0.566801474205193,168.56385362612957,150.5488120741619,165.5488120741619,3.01504155196767,1.7886643471351555,1.7089299964451883,033+034+008,3,False
am_peak,8521,567,1131,0.30916444047555985,132.90334615222196,130.18561530988325,130.18561530988325,2.7177308423387103,2.044892714157802,0.8402257352348194,005+008,2,False
am_peak,8535,568,381,0.3606918472214865,177.0470839819633,171.73041731529662,171.73041731529665,5.316666666666663,3.002967655320603,1.9176783210609019,075+002,2,False
am_peak,8593,569,1131,0.30916444047555985,127.15946777252584,124.14442622055817,124.14442622055816,3.015041551967684,2.3710712263763627,0.9321436344246526,102+034+008,3,False
am_peak,8628,570,1131,0.4122192539674131,117.78545573477615,114.7704141828085,114.77041418280848,3.01504155196767,2.5597740681640704,1.2428581792328643,102+034+008,3,False
am_peak,8694,575,1131,0.8759659146807529,133.36473731451918,130.3496957625515,130.3496957625515,3.01504155196767,2.260748690155766,2.641073630869837,102+034+008,3,False
am_peak,8753,578,1131,0.30916444047555985,117.53653212864029,114.52149057667263,114.52149057667262,3.01504155196767,2.565195260880928,0.9321436344246483,102+034+008,3,False
am_peak,8760,580,287,2.7824799642800384,67.32445572388298,63.061663464684116,63.0616634646841,4.262792259198875,6.331714402091591,11.86113405310891,002,1,False
am_peak,8769,580,379,0.3606918472214865,97.70876069880092,95.8914254667469,95.89142546674688,1.8173352320540346,1.8599511641092148,0.6554980018702585,002,1,False
am_peak,8819,581,307,0.3606918472214865,62.33950090783271,56.59934021146738,56.59934021146738,5.740160696365329,9.207902875019812,2.070429164920185,002,1,False
am_peak,8827,581,367,1.6488770158696524,67.08462008630079,65.76795341963411,65.76795341963413,1.3166666666666629,1.9626952719905717,2.1710214042283695,002,1,False
am_peak,8864,581,932,0.3606918472214865,135.65045529036644,127.07300430997428,132.3671219570331,3.2833333333333314,2.4204366482259094,1.18427156504388,002+022,2,False
am_peak,9120,594,795,0.30916444047555985,108.67503449504152,105.59236383913185,105.59236383913186,3.082670655909652,2.8365950562917046,0.9530521485047347,008+001,2,False
am_peak,9992,623,381,0.4122192539674131,170.99352057141402,165.67685390474733,165.67685390474736,5.316666666666663,3.109279608314867,2.191632366926745,074+002,2,False
am_peak,10356,639,1131,0.566801474205193,138.2219028462623,135.20686129429464,135.2068612942946,3.0150415519676983,2.181305198294938,1.7089299964452045,102+034+008,3,False
am_peak,10431,640,1131,2.0610962698370656,131.5859522940872,128.57091074211957,128.57091074211954,3.01504155196767,2.291309596049601,6.2142908961643215,102+034+008,3,False
am_peak,10466,643,1131,0.5152740674592664,140.4712856044315,137.45624405246383,137.45624405246383,3.01504155196767,2.146375708739547,1.5535727240410804,102+034+008,3,False
am_peak,10498,644,1131,0.46374666071333975,140.16817297626258,137.15313142429494,137.1531314242949,3.01504155196767,2.151017230194094,1.3982154516369723,102+034+008,3,False
am_peak,10531,649,1131,0.4122192539674131,143.78921879641155,140.77417724444388,140.77417724444388,3.01504155196767,2.0968481345159895,1.2428581792328643,102+034+008,3,False
am_peak,10582,650,1131,0.4122192539674131,136.57458114843598,133.5595395964683,133.5595395964683,3.01504155196767,2.207615448361342,1.2428581792328643,102+034+008,3,False
am_peak,12114,757,871,0.6183288809511197,184.03909773597024,162.70539157067375,177.70539157067373,6.333706165296519,3.44150033509896,3.9163134454610042,034+101+005,3,False
am_peak,12115,757,874,0.721383694442973,147.59345627064926,142.59147852087472,142.59147852087472,5.0019777497745395,3.389024063913898,3.608345188653906,034+101+010,3,False
am_peak,12333,764,1131,0.8759659146807529,135.49426972065476,126.57502962910998,134.07502962911,1.419240091544765,1.0474539583635365,1.2432059449416055,007+034+008,3,False
am_peak,12485,768,1131,0.30916444047555985,129.2033256226146,120.28408553106983,127.78408553106985,1.419240091544765,1.0984547686413062,0.4387785688029196,007+034+008,3,False
am_peak,12592,772,473,0.30916444047555985,164.43651149303093,144.12888539287576,159.12888539287576,5.307626100155176,3.2277661767229358,1.6409292535079527,008+034+033,3,False
am_peak,13050,788,1131,0.30916444047555985,128.37719335654901,125.36215180458134,125.36215180458134,3.01504155196767,2.3485803616175263,0.9321436344246483,033+034+008,3,False
am_peak,13051,788,1136,0.8759659146807529,116.23382830912453,105.91435127014942,105.91435127014941,10.319477038975123,8.878204554641714,9.03951014347287,033+034,2,False
am_peak,13055,789,307,0.3606918472214865,88.94586584702759,82.77237181732893,82.77237181732893,6.173494029698659,6.940731838302709,2.226728965382828,033+002,2,False
am_peak,13057,789,367,0.9790207281726062,93.69098502549568,91.94098502549566,91.94098502549566,1.7500000000000142,1.8678424605353388,1.7132862743020747,033+002,2,False
am_peak,13083,791,367,1.3397125753940926,98.28785347018527,96.53785347018527,96.53785347018527,1.75,1.7804845036430128,2.3444970069396622,033+002,2,False
am_peak,13084,791,379,0.4122192539674131,123.61381100128509,116.32798400434736,116.32798400434736,7.285826996937729,5.894023441168709,3.0033581692133082,033+002,2,False
am_peak,13098,791,871,0.30916444047555985,174.1875115426152,157.43751154261523,172.43751154261523,1.7499999999999716,1.0046644472395667,0.5410377708322209,033+002+005,3,False
am_peak,13548,831,287,1.3912399821400192,140.1065465714089,132.76168776684528,132.76168776684528,7.344858804563614,5.242338052219507,10.218461232082046,071+001,2,False
am_peak,13590,833,287,0.9274933214266795,133.18244207078317,125.83758326621955,125.83758326621955,7.344858804563614,5.514885213367693,6.812307488054698,071+001,2,False
am_peak,13633,834,287,2.2156784900748456,136.33273074091824,128.9878719363546,128.98787193635462,7.344858804563614,5.387450808508719,16.273845665908446,071+001,2,False
am_peak,13764,842,287,0.4122192539674131,109.3607366362377,104.65396001862526,104.65396001862526,4.706776617612448,4.303899884351011,1.9402239459034674,010+001,2,False
am_peak,14324,871,381,0.3606918472214865,124.75517749940259,103.97184416606926,118.97184416606926,5.783333333333331,4.63574614637619,2.086001183097596,005+002,2,False
am_peak,14328,871,387,0.5152740674592664,127.80306367503202,109.89258477744335,124.89258477744336,2.9104788975886606,2.277315436654325,1.4996942998148708,005+010,2,False
am_peak,14382,871,1131,0.721383694442973,165.58716360128608,147.86943275894737,162.86943275894737,2.7177308423387103,1.6412690351304515,1.9605267155479118,005+008,2,False
am_peak,14518,880,381,0.4122192539674131,103.31684048821202,97.5335071548787,97.5335071548787,5.783333333333317,5.597667627082701,2.3840013521115324,005+002,2,False
am_peak,14555,880,1131,0.4122192539674131,144.14882659009552,141.4310957477568,141.4310957477568,2.7177308423387103,1.8853645268073558,1.1203009803130923,005+008,2,False
am_peak,14569,881,369,0.3606918472214865,111.4736045322193,92.53858225291175,107.53858225291175,3.935022279307546,3.5300036235665133,1.419330454781143,005+008,2,False
am_peak,14713,885,382,0.566801474205193,82.7280817440678,79.07383379263892,79.07383379263892,3.6542479514288715,4.417179601400473,2.0712331259811907,010+007,2,False
am_peak,16609,986,379,0.30916444047555985,97.39058573265501,93.08532481036417,93.08532481036418,4.305260922290827,4.420613029383676,1.3310335841413363,001+010,2,False
am_peak,17222,1022,381,0.46374666071333975,102.11337467985767,98.52820281465232,98.52820281465229,3.585171865205382,3.5109718745908545,1.6626114805724117,005+002,2,False
am_peak,17367,1026,932,0.46374666071333975,122.48371833061036,111.53073170146921,119.0307317014692,3.452986629141165,2.819139291494073,1.6013110187520265,002+022,2,False
am_peak,17458,1035,932,0.3606918472214865,121.99297096347601,111.03998433433485,118.53998433433483,3.4529866291411793,2.8304799873879483,1.245464125696026,002+022,2,False
am_peak,17524,1040,387,0.46374666071333975,109.75823571404267,104.42313966031125,104.42313966031126,5.335096053731405,4.860770600969876,2.4741329795028557,001+010,2,False
am_peak,19048,1131,108,0.4122192539674131,147.66085358172433,143.07388181091184,143.07388181091181,4.586971770812511,3.1064237132245798,1.890838081333917,008+034+102,3,False
am_peak,19049,1131,109,0.3606918472214865,136.35961485695458,131.77264308614207,131.7726430861421,4.586971770812482,3.3638785029015787,1.6544833211671672,008+034+102,3,False
am_peak,19070,1131,473,0.5152740674592664,169.80694490464123,150.2199731338287,165.21997313382872,4.586971770812511,2.701286318641693,2.3635476016673964,008+034+033,3,False
am_peak,19072,1131,485,0.30916444047555985,169.5428464900853,149.9558747192728,164.9558747192728,4.586971770812511,2.7054941365991234,1.418128561000438,008+034+033,3,False
am_peak,19074,1131,517,0.30916444047555985,146.51876558797602,141.93179381716348,141.93179381716348,4.586971770812539,3.130637739408423,1.4181285610004466,008+034+033,3,False
am_peak,19076,1131,523,0.3606918472214865,166.414073964195,146.82710219338253,161.82710219338253,4.586971770812482,2.756360481745911,1.6544833211671672,008+034+033,3,False
am_peak,19078,1131,575,0.9790207281726062,132.2810377930005,127.69406602218798,127.69406602218798,4.586971770812525,3.4675958454381277,4.490740443168067,008+034+102,3,False
am_peak,19092,1131,640,0.5152740674592664,129.866650616632,125.27967884581949,125.27967884581948,4.586971770812525,3.532062888380269,2.3635476016674035,008+034+102,3,False
am_peak,19611,1147,379,0.3606918472214865,132.5871453217399,119.65556298207468,119.65556298207468,12.931582339665226,9.753270053657966,4.6643163215906025,005+010,2,False
am_peak,19670,1149,367,1.133602948410386,108.90914587381363,105.90914587381364,105.90914587381363,3.0,2.7545895947764723,3.400808845231158,022+001,2,True
am_peak,19672,1149,379,0.5152740674592664,106.8647602109016,103.86476021090161,103.8647602109016,3.0,2.8072865124849278,1.5458222023777992,022+010,2,True
am_peak,19674,1149,382,1.0305481349185328,101.43158370886104,98.43158370886104,98.43158370886104,3.0,2.9576586407355094,3.0916444047555984,022+001,2,True
am_peak,19710,1149,871,0.3606918472214865,173.21216181316385,155.21216181316385,170.21216181316385,3.0,1.7319799999009104,1.0820755416644596,022+005,2,True
am_peak,19711,1149,874,0.46374666071333975,133.62793136763833,130.62793136763833,130.62793136763833,3.0,2.245039618061866,1.3912399821400192,022+010,2,True
am_peak,19714,1149,919,0.30916444047555985,147.07594247036798,144.07594247036798,144.07594247036798,3.0,2.039762553691895,0.9274933214266796,022+005,2,True
am_peak,19716,1149,939,0.30916444047555985,147.50555280807876,137.00555280807876,144.5055528080788,2.9999999999999716,2.0338217395132965,0.9274933214266707,022+005+008,3,True
am_peak,19718,1149,943,0.46374666071333975,141.37210338294346,130.87210338294346,138.37210338294346,3.0,2.1220593937643497,1.3912399821400192,022+004+008,3,True
am_peak,19729,1149,1096,0.46374666071333975,171.07627541792587,168.07627541792587,168.07627541792587,3.0,1.753603761054089,1.3912399821400192,022+001+003,3,True
am_peak,19812,1162,287,2.3702607103126256,140.30092162374086,132.95606281917725,132.95606281917725,7.344858804563614,5.235075236541256,17.409230247250896,071+001,2,False
am_peak,19910,1164,367,1.4942947956318726,64.92508440576601,63.62508440576602,63.62508440576602,1.2999999999999972,2.0023077550046957,1.9425832343214302,002,1,False
am_peak,19941,1164,874,0.4122192539674131,118.49717504893383,117.19717504893383,117.19717504893381,1.3000000000000114,1.0970725668887649,0.5358850301576418,002+010,2,False
am_peak,19943,1164,919,0.3606918472214865,114.68852313540009,113.38852313540009,113.38852313540009,1.2999999999999972,1.1335048742978673,0.46889940138793146,002+005,2,False
am_peak,19944,1164,921,0.3606918472214865,107.5942806127747,99.73367401993929,103.26308578464517,4.331194828129526,4.025487975255148,1.5622266632341875,002+022,2,False
midday,140,108,1131,0.5410377708322297,153.2286075434102,150.21356599144252,150.21356599144252,3.01504155196767,1.9676753579539632,1.6312513602431344,102+034+008,3,False
midday,219,109,1131,0.6183288809511197,141.19745696251965,138.18241541055198,138.18241541055198,3.01504155196767,2.1353370073570104,1.8642872688492966,102+034+008,3,False
midday,571,227,1131,0.6183288809511197,113.92739460793346,110.9123530559658,110.91235305596578,3.015041551967684,2.646458792763201,1.8642872688493053,002+034+008,3,False
midday,749,231,762,0.4637466607133398,123.77108675306502,111.7493433953455,119.24934339534552,4.521743357719501,3.6533115094487334,2.096943382745143,002+007,2,False
midday,1038,239,1168,0.6956199910700097,129.65463166409154,118.35463166409156,125.85463166409156,3.799999999999983,2.9308632875106233,2.643355966066025,002+007,2,False
midday,1164,244,1168,0.6183288809511197,130.39139344944334,119.09139344944334,126.59139344944334,3.799999999999997,2.914302776795902,2.349649747614253,002+007,2,False
midday,1258,248,366,0.5410377708322297,74.96828607651312,70.53495274317977,70.53495274317977,4.433333333333351,5.913611695495696,2.3986007840228947,002+007,2,False
midday,1655,268,1131,0.6956199910700097,112.61298485777522,103.70832203984538,103.70832203984538,8.904662817929832,7.9073144444008765,6.194261469889797,101+008,2,False
midday,1697,270,1131,0.7729111011888996,107.62830731602904,104.32116200222397,104.32116200222397,3.3071453138050657,3.0727467487659115,2.556129326284782,101+008,2,False
midday,1977,295,287,1.4685310922589094,64.99166022653323,63.82315048554105,63.82315048554105,1.168509740992178,1.7979379768407995,1.7159928862544187,008+001,2,False
midday,2213,309,287,1.6231133124966892,35.97685355995266,34.925010485627155,34.925010485627155,1.0518430743255038,2.923666108190057,1.7072604965951699,001,1,False
midday,2285,315,1136,1.0820755416644594,105.25415863375491,91.23372580918073,98.73372580918071,6.5204328245742005,6.194940807291868,7.055600880537849,002+007,2,False
midday,2289,316,287,5.719542148797857,61.404638466804144,60.35279539247864,60.35279539247864,1.0518430743255038,1.71297006315596,6.016060797525837,008+001,2,False
midday,2321,317,287,4.637466607133398,63.13959896059855,62.087755886273044,62.087755886273044,1.0518430743255038,1.6659007843586289,4.8778871331290565,008+001,2,False
midday,2500,322,473,1.1593666517833494,185.7431906989275,155.3303386053392,177.8303386053392,7.912852093588299,4.260103459950948,9.173896837800333,005+001+033,3,False
midday,2582,325,287,4.405593276776728,60.79091855141341,59.739075477087894,59.7390754770879,1.051843074325511,1.7302634988742989,4.633992776472636,008+001,2,False
midday,2649,327,287,6.724326580343427,69.04788170037011,67.9960386260446,67.9960386260446,1.051843074325518,1.5233531404916074,7.072936343037228,008+001,2,False
midday,2776,330,366,0.6956199910700097,55.477355520008985,53.92413420518423,53.92413420518423,1.5532213148247536,2.79973928148856,1.0804517971481438,002+007,2,False
midday,2822,331,369,0.5410377708322297,75.73366973852413,72.01590384226427,72.01590384226427,3.7177658962598628,4.909000064430673,2.0114517729885226,012+008,2,False
midday,2868,332,287,1.0047844315455696,71.96931202015207,70.91746894582657,70.91746894582657,1.0518430743255038,1.4615160890116305,1.0568755455112957,101+001,2,False
midday,2926,334,287,0.9274933214266796,96.88125847928274,95.82941540495723,95.82941540495723,1.0518430743255038,1.0857033556706241,0.9755774266258114,007+001,2,False
midday,2949,335,287,0.9274933214266796,90.24724181078528,89.19539873645978,89.19539873645978,1.0518430743255038,1.165512710660815,0.9755774266258114,007+001,2,False
midday,2998,337,287,0.9274933214266796,86.5970731707106,85.5452300963851,85.5452300963851,1.0518430743255038,1.2146404443161536,0.9755774266258114,007+001,2,False
midday,3017,338,287,0.8502022113077896,79.20329999832364,78.15145692399815,78.15145692399814,1.0518430743255038,1.3280293552765685,0.894279307740327,007+001,2,False
midday,3142,343,287,1.3139488720211294,101.33064625030832,92.77880317598282,100.27880317598282,1.0518430743255038,1.0380305596070383,1.3820680210532328,007+001,2,False
midday,3335,351,932,0.4637466607133398,95.08569634163682,92.29447441837802,92.29447441837802,2.791221923258803,2.9354803410495323,1.2944198462211358,002+022,2,False
midday,3376,353,379,0.4637466607133398,80.37809298251942,78.37039494099565,78.37039494099564,2.0076980415237813,2.4978174612333914,0.9310632624773658,001+010,2,False
midday,3408,354,366,0.5410377708322297,87.56967128884219,75.23021360147553,75.23021360147553,12.33945768736666,14.091017478718014,6.676112680451479,002+007,2,False
midday,3596,361,287,1.5458222023777992,76.37251403789419,75.32067096356869,75.3206709635687,1.0518430743254896,1.3772534367581386,1.6259623777096635,007+001,2,False
midday,3656,363,287,0.5410377708322297,77.82262902427267,76.77078594994717,76.77078594994717,1.0518430743255038,1.3515902604593797,0.5690868321983898,007+001,2,False
midday,3673,364,287,2.8597710743989286,44.377741153441626,43.325898079116115,43.32589807911612,1.0518430743255038,2.3702041766583477,3.0080303987629184,001,1,False
midday,3678,364,366,0.4637466607133398,60.56083110141029,54.51603597542356,54.516035975423556,6.044795125986731,9.981360916042588,2.8032535543726187,002+007,2,False
midday,3696,365,287,0.5410377708322297,69.35629677550628,68.30445370118076,68.30445370118078,1.0518430743255038,1.5165790609180427,0.5690868321983898,101+001,2,False
midday,3701,366,287,3.0916444047555984,75.74909436497467,72.70786363557606,72.70786363557606,3.041230729398606,4.01487404555008,9.402403968115987,007+001,2,False
midday,3738,367,287,4.869339937490068,43.954669720984185,42.90282664665867,42.902826646658674,1.051843074325511,2.3930178090346463,5.121781489785544,001,1,False
midday,3780,368,287,4.251011056538948,68.21948259975011,67.1676395254246,67.1676395254246,1.0518430743255038,1.5418514392681084,4.471396538701635,008+001,2,False
midday,3822,369,287,6.878908800581207,69.97034977336857,68.91850669904306,68.91850669904306,1.0518430743255038,1.503269710287837,7.2355325808081,008+001,2,False
midday,3830,369,366,0.4637466607133398,65.52485280368272,60.061697144769454,60.061697144769454,5.463155658913266,8.337532134992019,2.533520193778213,008+007,2,False
midday,3834,369,379,0.6183288809511197,73.51629481459747,69.0531391556842,69.05313915568419,4.46315565891328,6.070974700464735,2.7596980440865058,008+010,2,False
midday,3857,369,992,0.4637466607133398,135.44258748069979,130.6802978046536,130.6802978046536,4.76228967604618,3.516094726649248,2.2084959346160287,008+001+023,3,False
midday,3890,371,287,1.6231133124966892,86.99831752190052,79.65345871733692,79.65345871733692,7.3448588045636,8.442529710663248,11.921538104095697,007+001,2,False
midday,4246,385,287,4.482884386895618,80.08168801584881,79.02984494152331,79.02984494152331,1.0518430743255038,1.3134626659185,4.7152908953580885,005+001,2,False
midday,4277,386,287,6.2605799196300875,89.66564842591434,88.61380535158884,88.61380535158884,1.0518430743255038,1.1730725119269978,6.585147629724227,005+001,2,False
midday,4677,398,382,1.4685310922589094,75.17758103626001,71.37639430932093,71.37639430932093,3.801186726939079,5.056276983833349,5.5821608959919145,010+007,2,False
midday,5235,425,287,0.7729111011888996,82.1398938881845,81.08805081385901,81.08805081385901,1.0518430743254896,1.280550807330411,0.8129811888548317,010+001,2,False
midday,5263,428,367,3.6326821755878282,39.07865601405331,32.84469638914414,32.84469638914414,6.233959624909168,15.952338848775499,22.64599401274172,001,1,False
midday,5298,429,287,3.864555505944498,53.88492641635867,52.233083342033154,52.233083342033154,1.6518430743255124,3.065501215612753,6.383639247840946,001,1,False
midday,5676,445,287,0.8502022113077896,86.00025359880073,84.58174385780856,84.58174385780856,1.4185097409921639,1.6494250675232254,1.2060201185531776,005+001,2,False
midday,5702,447,287,0.5410377708322297,98.82655546913476,90.21736532091785,97.71736532091786,1.1091901482168964,1.1223604252435122,0.6001137652203401,008+001,2,False
midday,5719,448,287,0.6183288809511197,88.65421854508139,79.50237547075588,87.00237547075588,1.6518430743255124,1.863242495883641,1.0213822796545513,008+001,2,False
midday,5872,454,287,1.1593666517833494,95.61513827974915,86.46329520542363,93.96329520542365,1.6518430743254982,1.7275957594628621,1.915091774352267,008+001,2,False
midday,5888,455,287,4.869339937490068,91.30578021898712,82.1539371446616,89.65393714466161,1.6518430743255124,1.8091330804728287,8.043385452279592,008+001,2,False
midday,5927,456,287,1.3912399821400194,87.00482834048735,77.85298526616184,85.35298526616184,1.6518430743255124,1.8985648335068708,2.2981101292227404,008+001,2,False
midday,5957,457,287,3.0916444047555984,94.73180349148703,85.57996041716152,93.07996041716152,1.6518430743255124,1.7437048735950156,5.106911398272756,008+001,2,False
midday,6033,460,369,0.9274933214266796,99.93218138196576,90.29302118138064,94.98052118138062,4.951660200585138,4.955020627097747,4.592631766017009,022+008,2,False
midday,6068,462,287,0.5410377708322297,103.79133708805426,94.63949401372875,102.13949401372875,1.6518430743255124,1.5915038004801165,0.8937094946977323,008+001,2,False
midday,6101,463,287,0.6183288809511197,94.09139350934993,84.93955043502442,92.43955043502442,1.6518430743255124,1.7555729729535439,1.0213822796545513,008+001,2,False
midday,6115,464,287,0.6956199910700097,94.03319308592329,84.88135001159777,92.38135001159777,1.6518430743255124,1.756659558307387,1.1490550646113702,008+001,2,False
midday,6147,465,287,0.5410377708322297,94.9481914376923,85.79634836336679,93.29634836336679,1.6518430743255124,1.7397309514942143,0.8937094946977323,008+001,2,False
midday,6667,502,381,0.4637466607133398,125.81378659760792,124.19711993094124,124.19711993094124,1.6166666666666742,1.2849678166330714,0.7497237681532362,032+002,2,False
midday,6967,511,366,0.5410377708322297,127.14911477309323,125.09911477309323,125.09911477309323,2.049999999999997,1.61228019845704,1.1091274302060694,033+002+007,3,False
midday,7002,511,871,0.5410377708322297,176.8587445051223,159.80874450512232,174.8087445051223,2.0500000000000114,1.1591171280426216,1.109127430206077,033+002+005,3,False
midday,7042,512,1131,0.4637466607133398,132.00754799045535,128.99250643848768,128.99250643848768,3.01504155196767,2.2839917852164553,1.3982154516369725,033+034+008,3,False
midday,7070,513,1131,0.7729111011888996,128.11990376277603,125.10486221080838,125.10486221080836,3.01504155196767,2.3532967660905006,2.3303590860616206,033+034+008,3,False
midday,7210,517,1131,0.8502022113077896,146.71896621360088,143.7039246616332,143.7039246616332,3.01504155196767,2.054977369168632,2.563394994667783,033+034+008,3,False
midday,7904,541,625,0.6183288809511197,160.21521998690116,146.1169043307985,153.6169043307985,6.59831565610267,4.118407512496088,4.079929135800217,033+034+101,3,False
midday,7958,542,1131,0.6956199910700097,130.66702814784716,127.65198659587948,127.65198659587949,3.01504155196767,2.3074233758161315,2.0973231774554586,033+034+008,3,False
midday,7973,543,1131,0.6183288809511197,134.7869682770534,131.77192672508573,131.77192672508573,3.01504155196767,2.236893959785696,1.8642872688492966,033+034+008,3,False
midday,8478,567,287,7.2653643511756565,84.61995284913644,83.56810977481092,83.56810977481094,1.0518430743255038,1.2430201612151313,7.642023175235522,005+001,2,False
midday,8864,581,932,0.5410377708322297,133.83060234918997,127.43476901585665,130.24726901585666,3.5833333333333144,2.677514163751354,1.9387186788154795,002+022,2,False
midday,10466,643,1131,0.7729111011888996,140.4712856044315,137.45624405246383,137.45624405246383,3.01504155196767,2.146375708739547,2.3303590860616206,102+034+008,3,False
midday,10498,644,1131,0.6956199910700097,140.16817297626258,137.15313142429494,137.1531314242949,3.01504155196767,2.151017230194094,2.0973231774554586,102+034+008,3,False
midday,11499,736,369,0.4637466607133398,154.847808695867,140.4216811483737,147.9216811483737,6.926127547493309,4.472861195663902,3.2119685218246956,024+007+008,3,False
midday,12115,757,874,1.0820755416644594,147.89345627064927,142.89147852087473,142.89147852087473,5.0019777497745395,3.3821494715903975,5.412517782980858,034+101+010,3,False
midday,12333,764,1131,1.3139488720211294,135.49426972065476,126.57502962910998,134.07502962911,1.419240091544765,1.0474539583635365,1.8648089174124083,007+034+008,3,False
midday,12485,768,1131,0.4637466607133398,129.2033256226146,120.28408553106983,127.78408553106985,1.419240091544765,1.0984547686413062,0.6581678532043794,007+034+008,3,False
midday,12544,770,1131,0.9274933214266796,102.08708298508103,98.07402794612949,98.07402794612949,4.013055038951535,3.9310115654279216,3.722081747145232,101+008,2,False
midday,12578,771,1131,0.9274933214266796,108.93977840256306,104.92672336361152,104.92672336361153,4.013055038951535,3.683737104845367,3.722081747145232,101+008,2,False
midday,12592,772,473,0.4637466607133398,164.43651149303093,144.12888539287576,159.12888539287576,5.307626100155176,3.2277661767229358,2.4613938802619293,008+034+033,3,False
midday,13050,788,1131,0.4637466607133398,128.37719335654901,125.36215180458134,125.36215180458134,3.01504155196767,2.3485803616175263,1.3982154516369725,033+034+008,3,False
midday,13461,819,108,0.8502022113077896,221.97738038969706,213.36288629166157,213.36288629166157,8.614494098035493,3.8807981619172804,7.3240619314476785,021+033+102,3,False
midday,13547,831,108,0.4637466607133398,211.9774036167317,203.36290951869623,203.36290951869623,8.614494098035465,4.0638737672299285,3.9949428716987208,021+033+102,3,False
midday,13567,831,640,0.5410377708322297,194.18320065163934,185.56870655360387,185.56870655360385,8.614494098035493,4.436271556513129,4.660766683648522,021+033+102,3,False
midday,13631,834,108,0.5410377708322297,210.9370589147677,202.32256481673224,202.32256481673224,8.614494098035465,4.083916852901737,4.660766683648507,021+033+102,3,False
midday,13664,834,575,0.9274933214266796,195.55724312604383,186.9427490280084,186.94274902800836,8.614494098035465,4.405101013048699,7.9898857433974415,021+033+102,3,False
midday,13764,842,287,0.6183288809511197,109.5076754117479,104.95396001862525,104.95396001862525,4.553715393122644,4.158352714547829,2.8156937431994127,010+001,2,False
midday,13961,849,287,1.7004044226155792,150.34639268705126,143.00153388248768,143.00153388248768,7.344858804563586,4.885291009177748,12.489230394766897,009+001,2,False
midday,14002,850,287,0.4637466607133398,155.7213326262946,148.376473821731,148.376473821731,7.344858804563614,4.716668346391601,3.4061537440273493,009+001,2,False
midday,14506,880,287,3.7872643958256083,95.86543328701,94.81359021268449,94.81359021268449,1.051843074325518,1.0972078655049957,3.9836078253887837,005+001,2,False
midday,14713,885,382,0.8502022113077896,83.175020519578,79.37383379263893,79.37383379263893,3.801186726939065,4.570106148689593,3.231777360837412,010+007,2,False
midday,15146,917,366,0.5410377708322297,112.86436365353845,110.7942615738261,110.7942615738261,2.070102079712342,1.8341503134390298,1.1200034146027282,031+005+007,3,False
midday,15214,919,287,3.0143532946367086,89.85856244514446,88.80671937081895,88.80671937081895,1.0518430743255038,1.170554086003343,3.170626636533887,005+001,2,False
midday,15484,928,287,0.6956199910700097,104.7512337104757,101.67724503662356,101.67724503662356,3.073988673852142,2.934560830422684,2.138327973854338,004+001,2,False
midday,15502,930,287,0.5410377708322297,100.72039274413122,94.86438300313904,99.55188300313905,1.1685097409921639,1.1601520895183868,0.6322079054621464,022+001,2,False
midday,15590,936,287,0.8502022113077896,105.58763848725003,102.51364981339788,102.51364981339788,3.0739886738521562,2.9113149208497053,2.613511968044203,004+001,2,False
midday,15618,937,287,0.6956199910700097,108.11004621325263,105.03605753940047,105.03605753940047,3.0739886738521562,2.8433885485429866,2.138327973854348,004+001,2,False
midday,15638,938,287,1.3139488720211294,105.10613041701149,102.03214174315931,102.03214174315933,3.0739886738521562,2.924652122246363,4.039063950613768,004+001,2,False
midday,15675,939,287,0.6956199910700097,93.64189449287375,84.49005141854823,91.99005141854823,1.6518430743255124,1.7640000592376093,1.1490550646113702,008+001,2,False
midday,15700,940,287,0.4637466607133398,103.24131609850257,94.08947302417704,101.58947302417705,1.6518430743255124,1.5999825813431983,0.7660367097409135,008+001,2,False
midday,15718,941,287,1.0047844315455696,101.25107792583779,92.09923485151228,99.59923485151228,1.6518430743255124,1.6314325814243862,1.659746204438646,008+001,2,False
midday,15736,942,287,1.1593666517833494,107.38564838712767,98.23380531280216,105.73380531280216,1.6518430743255124,1.5382344839699444,1.9150917743522837,008+001,2,False
midday,15783,943,287,0.9274933214266796,104.20373596318089,95.05189288885538,102.55189288885539,1.6518430743254982,1.5852052319018164,1.532073419481814,008+001,2,False
midday,16609,986,379,0.4637466607133398,97.09058573265501,93.38532481036418,93.38532481036418,3.705260922290833,3.8162926861863826,1.7183023797840036,001+010,2,False
midday,17367,1026,932,0.6956199910700097,121.32987217676421,111.89249640735157,118.5386502535054,2.791221923258817,2.3005232538218743,1.9416297693317137,002+022,2,False
midday,17458,1035,932,0.5410377708322297,120.83912480962985,111.40174904021721,118.04790288637105,2.791221923258803,2.3098660534459334,1.5101564872579916,002+022,2,False
midday,18389,1087,1149,0.6183288809511197,99.74430382308586,98.13410575211132,98.13410575211131,1.6101980709745476,1.614325840431468,0.9956319713353436,005+022,2,False
midday,19048,1131,108,0.6183288809511197,147.66085358172433,143.07388181091184,143.07388181091181,4.586971770812511,3.1064237132245798,2.836257122000876,008+034+102,3,False
midday,19049,1131,109,0.5410377708322297,136.35961485695458,131.77264308614207,131.7726430861421,4.586971770812482,3.3638785029015787,2.4817249817507507,008+034+102,3,False
midday,19074,1131,517,0.4637466607133398,152.1177612056084,141.93179381716348,141.93179381716348,10.185967388444908,6.696106560940738,4.723708362526304,008+034+033,3,False
midday,19536,1146,380,0.4637466607133398,133.1144251273834,114.6260536749403,114.6260536749403,18.48837145244312,13.889081844248459,8.573920523098336,005+002,2,False
midday,19546,1146,473,0.9274933214266796,246.39339727775956,213.5392518756373,236.03925187563732,10.354145402122242,4.202282007764194,9.603400709549142,005+001+033,3,False
midday,19563,1146,762,0.9274933214266796,162.0565507106009,148.4284749741663,155.9284749741663,6.128075736434596,3.7814427800441446,5.683749318739969,005+023+007,3,False
midday,19611,1147,379,0.5410377708322297,132.5871453217399,119.95556298207467,119.95556298207468,12.63158233966523,9.527003774772476,6.834163151136236,005+010,2,False
midday,19618,1147,473,0.4637466607133398,246.22673889801086,213.89857492016088,236.39857492016088,9.828163977849982,3.9915096231367824,4.557778225671064,005+001+033,3,False
midday,19630,1147,762,0.6956199910700097,161.88989233085223,148.78779801868987,156.28779801868987,5.6020943121623645,3.460434886641001,3.8969287953997362,005+023+007,3,False
midday,19672,1149,379,0.7729111011888996,108.02592617346251,104.82652491678394,104.82652491678395,3.1994012566785557,2.961697594280396,2.4728527484445717,022+010,2,False
midday,19674,1149,382,1.5458222023777992,102.09334841474339,99.09334841474339,99.09334841474339,3.0,2.938487224273239,4.637466607133398,022+001,2,True
midday,19710,1149,871,0.5410377708322297,173.8739265190462,155.8739265190462,170.8739265190462,3.0,1.7253880786268314,1.623113312496689,022+005,2,True
midday,19711,1149,874,0.6956199910700097,134.58969607352068,131.58969607352066,131.58969607352068,3.0,2.2289967861739033,2.086859973210029,022+010,2,True
midday,19714,1149,919,0.4637466607133398,147.73770717625035,144.7377071762503,144.73770717625032,3.0000000000000284,2.030625801184963,1.3912399821400325,022+005,2,True
midday,19716,1149,939,0.4637466607133398,148.1673175139611,137.66731751396114,145.1673175139611,3.0,2.0247380126304333,1.3912399821400194,022+005+008,3,True
midday,19718,1149,943,0.6956199910700097,142.0338680888258,131.5338680888258,139.0338680888258,3.0,2.1121722870518784,2.086859973210029,022+004+008,3,True
midday,19808,1162,108,0.6956199910700097,208.9134680717164,200.2989739736809,200.2989739736809,8.614494098035522,4.123474746529177,5.992414307548121,021+033+102,3,False
midday,19860,1162,640,0.4637466607133398,191.11926510662403,182.50477100858853,182.50477100858856,8.614494098035465,4.507391807534161,3.9949428716987208,021+033+102,3,False
midday,19941,1164,874,0.6183288809511197,118.79717504893382,117.19717504893383,117.19717504893381,1.6000000000000085,1.3468333732186404,0.9893262095217968,002+010,2,False
