key,rank_pattern,rank_route,rank_move,unserved_change_pct_pattern,gc_pattern,kind,unserved_change_pct_route,gc_route,in_top10_pattern,in_top10_route
splice|002|033|WESHIGW,1,4,3,-0.171772115659885,0.2806729746944292,splice,-2.290921709950555,-0.1032352503101408,True,True
splice|033|034|WESHIGW,2,7,5,-0.1202404809619306,-0.3549917427500992,splice,-2.0911663867924424,0.2272802459070577,True,True
splice|005|021|NMURBEAN,3,2,-1,-0.091611795018609,0.4295346339346251,splice,-3.0760007551164925,0.0269319829242276,True,True
splice|011|033|WESHIGW,4,11,7,-0.0687088462639651,0.1058991012812704,splice,-1.4569800952052403,-0.075199733606357,True,False
splice|007|101|EMO4THW,5,8,3,-0.0515316346979655,0.3746688997369851,splice,-1.8492846089967707,-0.1724333850576465,True,True
splice|006|021|NMURBEAN,6,3,-3,-0.04580589750931,-0.2642048327984536,splice,-2.7826739100563658,0.2540510793760608,True,True
splice|001|021|PICBETS,7,1,-6,-0.034354423131977,-0.1256834267191142,splice,-3.331004628724421,0.0868368584916901,True,True
splice|008|035|BOASHAN,8,9,1,-0.0286286859433215,0.0095560096370128,splice,-1.5821705388879392,-0.1064188588407177,True,True
splice|011|034|WESHIGW,9,12,3,-0.0171772115659885,0.1487327162953411,splice,-1.0979642754075036,-0.23908718721799,True,False
splice|002|034|WESHIGW,10,5,-5,-0.0171772115659885,0.4589699837704186,splice,-2.17394936477201,-0.4261667082788301,True,True
splice|005|006|NMURBEAN,11,6,-5,0.0,-0.3742982135331196,splice,-2.123188309797208,-0.3718595177126471,False,True
extend|032|a10:HILWESS,12,13,1,0.0,-0.2032020284741809,extend,-0.3691581659940768,0.1549232580053239,False,False
truncate|007|d5:FROBROS,13,14,1,0.0,-0.1478270049706243,truncate,-0.1862461659234759,0.0598406765167869,False,False
truncate|007|d3:INTSAWW,14,16,2,0.0,-0.1338569548939627,truncate,-0.1767627484179246,0.005576296290477,False,False
truncate|035|d3:STE418N,15,19,4,0.0,-0.1225927887528066,truncate,-0.1582878859267444,0.0031940891966453,False,False
straighten|102|d3:346HUTCH,16,15,-1,0.0,-0.1006862630081317,straighten,-0.1773721674044881,-0.0059772530795254,False,False
straighten|024|d4:HAMCHEN,17,20,3,0.0,-0.0964847375544031,straighten,-0.1397918920112317,0.0238039106256859,False,False
straighten|007|d8:ALLOPPE,18,17,-1,0.0,-0.096417903461754,straighten,-0.1763898222099214,0.0160153897032166,False,False
reroute|031|rMOCWOOE-STEMORN1,19,23,4,0.0,-0.0799995976174083,reroute,-0.0944762657537179,-0.018615478926276,False,False
truncate|023|d8:EASMORE,20,22,2,0.0,-0.0724438556265472,truncate,-0.10731961662368,-0.0038331464590424,False,False
extend|025|a10:MORSTEE,21,21,0,0.0,-0.0552620212079246,extend,-0.1267823964053338,-0.0406209430989457,False,False
straighten|011|d10:RICGRAW,22,24,2,0.0,-0.0546709383210886,straighten,-0.0720819160301089,-0.0013081120791458,False,False
straighten|031|d6:KINSTAW,23,29,6,0.0,-0.0472879838696482,straighten,-0.0197881868721272,-0.00091518005908,False,False
truncate|012|d3:MCKTRAW,24,25,1,0.0,-0.0379339802255351,truncate,-0.0501318466213707,0.001445555636681,False,False
straighten|004|d5:FAISOUS,25,27,2,0.0,-0.0255531386423646,straighten,-0.0337179858246661,0.0005868905348149,False,False
reroute|009|rRICGRUE-SAIBUCN,26,28,2,0.0,-0.0108650650811559,reroute,-0.0208271343687282,0.0209459252482835,False,False
reroute|003|rRICGRUE-4THATHN,27,26,-1,0.0,-0.0099370608788618,reroute,-0.0488046822938459,0.0403776059187288,False,False
straighten|001|d4:BETPICW,28,31,3,0.0,-0.0034364575338896,straighten,0.0017521362411843,0.0037316289838162,False,False
truncate|101|d11:EMO4THW,29,49,20,0.0,0.0015205754266833,truncate,0.1671796396545799,-0.1751961131926105,False,False
straighten|034|d10:MOR415S,30,45,15,0.0,0.0070159080273191,straighten,0.1303965333478984,0.0893043628438006,False,False
reroute|023|rSTEOPPN-MOR342N,31,42,11,0.0,0.0148695743179105,reroute,0.0825630610809868,-0.0012001107936421,False,False
reroute|012|rMCKCENE-4THLINN,32,32,0,0.0,0.0162489723744441,reroute,0.0159017185638488,-0.0003628721187864,False,False
extend|141|a10:BRYPARW,33,34,1,0.0,0.0183502365946885,extend,0.023843739541296,-0.0006728001943123,False,False
reroute|010|rBROWHIE-HIGLONN2,34,35,1,0.0,0.0198231346383748,reroute,0.0261420929328126,-0.0008671755191813,False,False
reroute|011|rFROMOUN-LONTALE,35,36,1,0.0,0.0230874144976356,reroute,0.0293008027496766,-0.0016886133420879,False,False
reroute|002|rMAICARW-HIGOHIN,36,39,3,0.0,0.023168936017881,reroute,0.0410401274073768,0.0335154831139217,False,False
reroute|006|r3RDTOWS-SULYALW,37,40,3,0.0,0.0282016432382237,reroute,0.0467096238998099,-0.0186382370931825,False,False
reroute|004|rINDWALS-SUM15TS,38,33,-5,0.0,0.0392245292142767,reroute,0.0196217477915094,-0.009940284974641,False,False
straighten|021|d8:SULINDE,39,37,-2,0.0,0.0400972441534808,straighten,0.0391238352637213,-0.0094387916875104,False,False
extend|024|a10:MORHARS,40,38,-2,0.0,0.0522714173340821,extend,0.0406340436140517,-0.0499137059996157,False,False
extend|009|a10:MORHARS,41,41,0,0.0,0.0526479203229346,extend,0.0691542828060276,-0.0023115245230131,False,False
truncate|009|d14:AGLBRIE,42,43,1,0.0,0.0561832698921405,truncate,0.1110075361302698,-0.0378944505244671,False,False
truncate|031|d15:MOC2315E,43,44,1,0.0,0.0687017104502141,truncate,0.118465402030421,0.0155876133944854,False,False
extend|031|a10:MORHARS,44,47,3,0.0,0.1049522981085182,extend,0.1381337424702033,-0.0046385062138609,False,False
extend|034|a10:MORSANW,45,48,3,0.0,0.1079338705765708,extend,0.1423330183589088,-0.0047811736282099,False,False
extend|023|a10:MORHARS,46,50,4,0.0,0.1301199402613972,extend,0.1713406596931976,-0.0057445847571169,False,False
extend|002|a10:MAIMORN1,47,46,-1,0.0,0.1560326480233298,extend,0.1369864354630934,-0.0483227803555585,False,False
extend|102|a10:SPRMOUW,48,51,3,0.0,0.1735549887188714,extend,0.2572134846647422,-0.0105392218897937,False,False
reroute|007|rGREELDW-SPR4THW,49,52,3,0.0,0.1801688753894748,reroute,0.2593328711654408,0.0074769972260968,False,False
extend|101|a10:BRYOHIW,50,53,3,0.0,0.2053354049984523,extend,0.2610266564261554,-0.0589858271971222,False,False
reroute|102|rHIGCHAS-MAIHIGE,51,55,4,0.0,0.2594821888678211,reroute,0.3880852264433576,-0.026496516983776,False,False
extend|006|a10:BRYMONE,52,57,5,0.0,0.2655221945732533,extend,0.4551087544758969,-0.036132834066016,False,False
splice|002|011|HIGFITN,53,10,-43,0.0,0.2974685040900482,splice,-1.4707326747334992,-0.4802284283107472,False,True
truncate|102|d15:HIGHUDS,54,58,4,0.0,0.505900288069272,truncate,0.7334297606974349,0.0655342135531977,False,False
truncate|032|d7:EASTER6,55,30,-25,0.0171772115659996,-0.0114191725766432,truncate,-0.0150168982889775,-0.0135434770060061,False,False
truncate|025|d15:SCAALSE,56,18,-38,0.2290294875465059,-0.1530021472574527,truncate,-0.1660694213433844,0.0014659405521699,False,False
straighten|002|d5:HANMAIN,57,56,-1,3.16346979673634,-0.2791197114684673,straighten,0.4247534310714451,-0.2358277895977423,False,False
straighten|025|d5:CHANCHAW,58,54,-4,4.586315488119119,-0.5417062646436488,straighten,0.3422391201104213,-0.2850863622567812,False,False
straighten|033|d8:HIG522N,59,59,0,5.868880618379624,-0.3938846259357365,straighten,0.9925680541081228,-0.4243048732878174,False,False
truncate|033|d15:HIGSCHN,60,60,0,6.040652734039509,0.0082083059306237,truncate,1.726792128976351,-0.6794296929183763,False,False
